market,list,rank,title,author,format,publisher,small_or_self_published,price_shown,stars,reviews,pages,publication_date,asin
UK,Colouring for grown-ups,1,"Spooky Cutie: A cute and comfy colouring book, perfect for Halloween (Coco Wyo)",Coco Wyo,Paperback,Penguin,no,USD 6.59,4.8,52,96,9 July 2026,0241808987
UK,Colouring for grown-ups,2,Cozy Corner: A Calm and Comforting Colouring Book (Coco Wyo),Coco Wyo,Paperback,Penguin,no,USD 5.49,4.5,3302,96,20 Mar. 2025,024176422X
UK,Colouring for grown-ups,3,"Cozy Friends: A relaxing cosy colouring book, from the bestselling author (Coco Wyo)",Coco Wyo,Paperback,Penguin,no,USD 6.59,4.8,308,96,22 Jan. 2026,0241808952
UK,Colouring for grown-ups,4,KPop Demon Hunters: The Official Deluxe Colouring Book,Random House Worlds,Paperback,Penguin,no,USD 6.06,4.9,31,80,14 July 2026,1804964026
UK,Colouring for grown-ups,5,Girl Moments: A relaxing and cosy colouring book from the bestselling author (Coco Wyo),Coco Wyo,Paperback,Penguin,no,USD 5.96,4.8,539,96,22 Jan. 2026,0241808979
UK,Colouring for grown-ups,6,"Cozy Season: A cute and comfy colouring book, perfect for relaxing and unwinding (Coco Wyo)",Coco Wyo,Paperback,Penguin,no,USD 4.97,5.0,10,96,10 Sept. 2026,0241805856
UK,Colouring for grown-ups,7,Coco Wyo: Cozy Countdown - An Advent Colouring Book Bundle,Coco Wyo,Paperback,Penguin,no,USD 25.72,4.7,43,576,3 Sept. 2026,0241836506
UK,Colouring for grown-ups,8,Cozy Cuties: A Cute and Comfy Colouring Book (Coco Wyo),Coco Wyo,Paperback,Penguin,no,USD 5.49,4.5,2590,96,13 Feb. 2025,0241764203
UK,Colouring for grown-ups,9,Disney Winnie the Pooh: A Cute and Cosy Colouring Book,The Walt Disney Company Ltd,Paperback,Studio Press,no,USD 5.82,4.7,492,88,20 Nov. 2025,1835874371
UK,Colouring for grown-ups,10,Comfy Corner: Coco wyo,Coco Wyo,Paperback,Penguin,no,USD 5.30,4.8,199,96,9 April 2026,0241805880
UK,Colouring for grown-ups,11,Cozy Vibes: A cozy and comfy colouring book (Coco Wyo),Coco Wyo,Paperback,Penguin,no,USD 6.59,4.8,563,96,2 Oct. 2025,0241805813
UK,Colouring for grown-ups,12,Cozy Days: A cute and comfy colouring book (Coco Wyo),Coco Wyo,Paperback,Penguin,no,USD 6.59,4.8,628,96,6 Nov. 2025,024180583X
UK,Colouring for grown-ups,13,Mystery Colouring - Classics: Reveal iconic Disney characters with colour by number,Jerémy Mariez,Paperback,Hachette Heroes,no,USD 9.37,4.8,228,128,10 April 2025,2017276340
UK,Colouring for grown-ups,14,"Pokémon Colour and Design: the official Pokémon colouring book for fans of the original game, relaxing and satisfying. Perfect for relaxing over summer 2026!",Pokémon,Paperback,Farshore,no,USD 9.64,4.7,56,80,29 Jan. 2026,0008775575
UK,Colouring for grown-ups,15,Disney Tim Burton's The Nightmare Before Christmas: A Cute and Cosy Colouring Book,The Walt Disney Company Ltd,Paperback,Studio Press,no,USD 7.50,,,88,24 Sept. 2026,1835878318
UK,Colouring for grown-ups,16,Palm Pals Best Friends: A Cute and Cosy Colouring Book,Palm Pals,Paperback,Macmillan Children's Books,no,USD 6.10,4.4,12,96,16 July 2026,1037407415
UK,Colouring for grown-ups,17,"F*ck Off, I'm Colouring: A Sweary Colouring Book for Adults",Summersdale Publishers,Paperback,Summersdale,no,USD 7.71,4.4,45,96,12 Mar. 2026,1806590263
UK,Colouring for grown-ups,18,Disney Stitch: A Cute and Cosy Colouring Book,The Walt Disney Company Ltd,Paperback,Studio Press,no,USD 5.73,4.7,266,88,20 Nov. 2025,1835874363
UK,Colouring for grown-ups,19,Mystery Colouring - Princesses: Reveal iconic Disney characters with colour by number,Jerémy Mariez,Paperback,Hachette Heroes,no,USD 9.37,4.7,296,128,10 April 2025,2017276316
UK,Colouring for grown-ups,20,Spooky Cutie: Coloring Book for Adults and Teens Featuring Adorable Creepy Creatures in Cozy Hygge Moments for Relaxation,Coco Wyo,Paperback,Independently published,yes,USD 10.19,4.6,7869,88,9 July 2024,B0D943SQXV
UK,Colouring for grown-ups,21,Mindfulness Patterns: Coloring Book with Creative Pattern Designs for Stress Relief and Relaxation,Vivi Tinta,Paperback,,,USD 10.96,4.5,1619,,,B0CTGLNZWH
UK,Colouring for grown-ups,22,Disney Hocus Pocus Colouring Book: colour your way through Salem with the Sanderson sisters,The Walt Disney Company Ltd,Paperback,,,USD 5.17,4.7,757,,,1800783132
UK,Colouring for grown-ups,23,Cute 'n' Cozy Sticker Therapy: Make Your Own Adorable Room Sets! Over 500 Reusable Stickers,Zenny Abanales,Paperback,,,USD 11.68,4.4,54,,,1837760985
UK,Colouring for grown-ups,24,Keep F*cking Calm and Colour On: A Swear Word Colouring Book for Adults,Summersdale Publishers,Paperback,,,USD 7.33,4.6,998,,,1787839958
UK,Colouring for grown-ups,25,Bold and Easy Coloring Book for Adults: Cute Relaxation Comfy and Groovy Designs for Women,BJB Publishing,Paperback,,,USD 4.75,4.6,659,,,B0F19DZFT7
UK,Colouring for grown-ups,26,"Amazing Animals: Adult Coloring Book, Stress Relieving Mandala Animal Designs: 1",Coloring Book Kim,Paperback,,,USD 7.67,4.6,4504,,,B08FP9XCGQ
UK,Colouring for grown-ups,27,Harry Potter Colouring Book: An official colouring book,NA,Paperback,,,USD 10.31,4.7,16684,,,1783705485
UK,Colouring for grown-ups,28,"Sticker Therapy: World Traveller: Design your own miniature 3D scenes | Over 150 stickers to create the cutest, cosiest rooms",Igloo Books Ltd,Hardcover,,,USD 3.67,3.9,3,,,1805851292
UK,Colouring for grown-ups,29,"101 Relaxing: Amazing Adults Coloring Book with Stress Relieving Designs Animals, Mushroom, Landscape, House, Birds, Flowers For Anxiety Relief and Relaxation",Lauren Kay,Paperback,,,USD 11.37,4.5,391,,,B0CGCF5WCL
UK,Colouring for grown-ups,30,"Bold and Easy Coloring Book: Simple Stress Relief Large Print Designs for Adults, Seniors & Beginners",BJB Publishing,Paperback,,,USD 4.75,4.7,1138,,,B0F7HB5439
UK,Kids dot to dot,1,BIG XXL Preschool Workbook AGE 3 TO 5: 222+ Activities Letter Tracing - Number 1-10 - Early Math - Coloring for Kids - Lines and Shapes Pen Control - ... (Early Education and Practice for Kids),Abby Lyon,Paperback,Independently published,yes,USD 15.89,4.6,1352,249,16 Sept. 2021,B09GJQ3TL8
UK,Kids dot to dot,2,"Big Book of Dot to Dot: Fairies, Princesses, Animals & More: Ages 3-6 (Dot to Dot for Children)",FairyWren Publishing,Paperback,FairyWren Publishing,yes,USD 7.94,4.6,291,109,1 Nov. 2024,1915454336
UK,Kids dot to dot,3,Big Book of Dot to Dot: Animals: For Children Ages 4-8 (Dot to Dot for Children),FairyWren Publishing,Paperback,FairyWren Publishing,yes,USD 10.59,5.0,7,144,27 Aug. 2026,1915454778
UK,Kids dot to dot,4,"Big Book of Dot to Dot: Space, Vehicles, Dinosaurs & More: Ages 3-6 (Dot to Dot for Children)",FairyWren Publishing,Paperback,FairyWren Publishing,yes,USD 7.94,4.5,158,113,21 May 2024,1915454301
UK,Kids dot to dot,5,Really Fun Activity Book For 7-9 Year Olds: Fun & educational activity book for seven to nine year old children,Mickey MacIntyre,Paperback,Bell & Mackenzie Publishing Limited,yes,USD 10.59,4.6,1658,64,8 Mar. 2017,1912155079
UK,Kids dot to dot,6,"201 Brain Booster Activity Book - Fun Activities and Exercises For Children: Tracing & Pattern, Colors & Shapes, Maze",Wonder House Books,Paperback,Wonder House Books,no,USD 7.54,4.4,3692,48,30 Aug. 2022,935440460X
UK,Kids dot to dot,7,"Dot to Dot for Kids Ages 4-8: 100 Fun Connect the Dots Puzzles for Children - Activity Book for Learning - Age 4-6, 6-8 Year Olds (Dot to Dot Books for Children)",Splendid Youth,Paperback,Splendid Youth,yes,USD 10.46,4.6,1482,103,1 May 2021,1914329279
UK,Kids dot to dot,8,Really Fun Travel Activity Book For 9-11 Year Olds: Fun & educational activity book for nine to eleven year old children (Really Fun Activity Books For Kids),Mickey MacIntyre,Paperback,Bell & Mackenzie Publishing Limited,yes,USD 10.59,4.5,1041,64,1 April 2017,1912155249
UK,Kids dot to dot,9,Moana: 5-in-1 Colouring,Walt Disney,Paperback,Autumn,no,USD 4.89,5.0,5,48,28 Feb. 2026,1836508808
UK,Kids dot to dot,10,101 Pencil Control Activity Book For Kids: Tracing Practise Book Age 2+,Wonder House Books,Paperback,Wonder House Books,no,USD 11.47,4.5,3193,112,28 Feb. 2022,9354405118
UK,Kids dot to dot,11,"Dot to Dot for Kids Ages 3-5: 100 Fun Connect the Dots Puzzles for Children - Activity Book for Learning - 3, 4 and 5 Year Olds (Dot to Dot Books for Children)",Splendid Youth,Paperback,Splendid Youth,yes,USD 10.59,4.7,391,103,7 Oct. 2021,1914329562
UK,Kids dot to dot,12,Really Fun Activity Book For 5-7 Year Olds: Fun & educational activity book for five to seven year old children,Mickey MacIntyre,Paperback,Bell & Mackenzie Publishing Limited,yes,USD 10.59,4.6,6,70,14 May 2026,191882603X
UK,Kids dot to dot,13,"""OH MY DOT!"" Dot to Dot books for kids ages 8-12 Hard: The Big and fun Dots Activity book for Kids, Boys and Girls ages 8-12. Connect more than 300 ... Witches, Dinosaurs..Perfect to color!",Happy Koala Publishing,Paperback,Independently published,yes,USD 11.03,4.7,236,151,14 Feb. 2023,B0BVSXBBZM
UK,Kids dot to dot,14,BIG Letter Tracing for Preschoolers and Toddlers ages 2-4: Homeschool Preschool Learning Activities for 3 year olds,Anastasia Stephen,Paperback,Independently published,yes,USD 9.03,4.6,9031,106,29 Jan. 2020,B084B1BLLF
UK,Kids dot to dot,15,"Activity Book for Kids Ages 8-12: Fun Puzzle Book with 100 Brain Games, Mazes, Word Searches, Logic Challenges & More to Boost Thinking Skills and Focus (Activity Series for Curious Kids)",Stasia Smith,Paperback,Independently published,yes,USD 9.90,4.7,5,111,1 April 2025,B0F3WTV2B1
UK,Kids dot to dot,16,"Dot to Dot for Kids Ages 8-12: 100 Fun Connect the Dots Puzzles for Children - Activity Book for Learning - Age 8-10, 10-12 Year Olds (Dot to Dot Books for Children)",Splendid Youth,Paperback,Splendid Youth,yes,USD 10.59,4.5,691,103,19 Oct. 2021,1914329589
UK,Kids dot to dot,17,"Little Scholars Activity Book For 5-6 Year Olds: Mazes, Puzzles, Colouring, Wordsearches, Spot the Difference and More! (Gift Idea for Girls and Boys)",James Publications,Paperback,Independently published,yes,USD 9.27,4.8,32,78,22 Nov. 2024,B0DNYVB62T
UK,Kids dot to dot,18,"Activity Book for Kids Ages 8-12: Engaging Brain Teasers with Mazes, Dot-to-Dot, Logic Puzzles, Word Searches, Crosswords, Sudoku, and More",Pratillo Publishing,Paperback,Independently published,yes,USD 9.27,4.6,52,108,28 Oct. 2024,B0DLJXL1L2
UK,Kids dot to dot,19,"Travel Activity Puzzle Book For Kids Ages 8-12 Years Old: Fun and Challenging Brain Games for Boys and Girls. Includes Sudoku, Crosswords, Word ... Missing Vowels, Coloring Page And Dot To Dot",Yousse Publishing,Paperback,Independently published,yes,,5.0,2,102,10 Aug. 2025,B0FM7MV22P
UK,Kids dot to dot,20,Dot to Dot book for Toddlers ages 2-4: 50 Join the Dots picture puzzles for toddlers - Learning numbers activity book (Toddler Dot to Dot Books),Gordon Chesterman,Paperback,Independently published,yes,USD 10.59,4.8,58,109,26 Feb. 2022,B09TF4LT3V
UK,Kids dot to dot,21,Activity Book For 4-5 Year Olds: Brain Boosting Fun Made By A Teacher (Good Egg Activity Books),Good Egg,Paperback,,,USD 10.59,4.6,26,,,0956344356
UK,Kids dot to dot,22,"The Kew Gardens Large Print Flowers Dot-to-Dot Book: Over 80 Beautiful Images (Kew Gardens Arts & Activities, 7)",David Woodroffe,Paperback,,,USD 8.38,4.7,44,,,1788887719
UK,Kids dot to dot,23,Jumbo Connect the Dots Book for Kids: Big Variety 175 Puzzles,Blue Wave Press,Paperback,,,USD 11.92,4.6,317,,,164790076X
UK,Kids dot to dot,24,"Handwriting Practice for Gritty Kids: Letter and Number Tracing, Coloring, Mazes, Dot to Dot, Matching, and More! (Dexterity and Penmanship for Preschool, Pre-K, & Kindergarten Kids Ages 3, 4, 5, 6.)",Dan Allbaugh,Paperback,,,USD 9.27,4.4,75,,,1735770868
UK,Kids dot to dot,25,Bumper Book of Christmas Fun for 8 Year Olds,Macmillan Children's Books,Paperback,,,USD 8.28,4.7,4,,,1529067014
UK,Kids dot to dot,26,"Fun with DINOSAURS: Learning Activity and Coloring Book for Kids Ages 4-8: Coloring, dot-to-dot, mazes, puzzles, jokes and facts (Color, Play, Learn)",Edu Play Club,Paperback,,,USD 10.59,4.6,282,,,8412468309
UK,Kids dot to dot,27,"Christmas Colouring Book: un Christmas Colouring Pages, Mazes, Dot-to-Dot & Holiday Activities for Kids Ages 3–12",Aurora Rae,Paperback,,,USD 7.94,5.0,2,,,B0G6ZJ5GLF
UK,Kids dot to dot,28,Activity Book - Henry & Hetty Hoover,MR HENRY HOOVER,Paperback,,,USD 11.90,4.5,2,,,B0G4C8FFKP
UK,Kids dot to dot,29,Animals Dot to Dot: Fun Dot-to-Dot & Colouring Book for Kids Ages 4–8,Carla Press,Paperback,,,USD 5.71,,,,,B0GNLZMW7R
UK,Kids dot to dot,30,"Hamster Fun Activity Book: Fun Facts, Colouring Pages, Mazes, Word Games and More!",Nisha Panesar,Paperback,,,USD 7.94,5.0,1,,,B0H6VM28S7
UK,Brain teasers,1,"The Killer Isn't Alice: The Bestselling Interactive Murder Mystery Puzzle Book - 46,600 Suspects, 1 Killer. Can You Solve the Crime?",Iris Starling,Paperback,Century,no,USD 9.93,4.5,1819,224,1 Sept. 2026,1807845826
UK,Brain teasers,2,Murdoku: 80 Murder Mystery Logic Puzzles: Volume 1 – The Perfect Gift for Puzzlers and Cosy Crime Fans!,M. Garand,Paperback,Penguin,no,USD 11.25,4.7,642,208,30 Oct. 2025,1405985453
UK,Brain teasers,3,Murdle: #1 SUNDAY TIMES BESTSELLER: Solve 100 Devilishly Devious Murder Mystery Logic Puzzles (Book 1) (Murdle Puzzle Series),G. T. Karber,Paperback,Souvenir Press,no,USD 9.93,4.5,3163,384,22 Jun. 2023,1800818025
UK,Brain teasers,4,Would you rather? World: A fun-filled family game book (National Geographic Kids),National Geographic Kids,Paperback,Collins,no,USD 3.98,4.6,273,104,2 Mar. 2023,0008554390
UK,Brain teasers,5,The Book For Men Who Have Everything: Unusual Knowledge and Boredom Busters for Intelligent Men,IQ Street,Paperback,Curious Press,yes,USD 8.51,4.5,1370,201,9 Oct. 2025,B0FVKQH4KS
UK,Brain teasers,6,The 1% Club Book 1: THE BESTSELLING QUIZ BOOK - the perfect gift for all quiz and puzzle fans,BBC Studios,Paperback,,,USD 9.93,4.6,2088,,,0857506412
UK,Brain teasers,7,Would you rather? Animals: A fun-filled family game book (National Geographic Kids),National Geographic Kids,Paperback,Collins,no,USD 5.30,4.7,606,104,3 Mar. 2022,0008503354
UK,Brain teasers,8,Will Holding in a Fart Make You Explode: Quirky Questions and Intriguing Answers for Teens,Lauren Clearwell,Paperback,Upgraded Publishing,yes,USD 13.23,4.4,105,128,10 May 2025,1923108743
UK,Brain teasers,9,Murdoku Volume 2: Back In Time: 80 MORE Murder Mystery Logic Puzzles - Colourful Brain Teasers for Puzzle Lovers and Cosy Crime Fans!,M. Garand,Paperback,Penguin,no,USD 11.25,4.8,568,224,25 Jun. 2026,1405995882
UK,Brain teasers,10,Big Book of Brain Games: a bumper mixed puzzle book for adults containing 300 puzzles (Richardson Puzzle Books),Richardson Puzzles and Games,Paperback,Richardson Publishing,no,,4.4,289,352,6 Jun. 2024,1913602311
UK,Brain teasers,11,"The Memory Lane Quiz Book (Large Print): A Gift Book of British Nostalgia & Trivia: Fun Quizzes, Classic Memories & Thought-Provoking Prompts About ... Britain (Great British Quiz Collection)",PuzzlePlayPress,Paperback,Eight15 Limited,no,USD 13.52,4.6,208,127,22 Jun. 2025,1915611326
UK,Brain teasers,12,OMG I'm So Bored ! The Activity Book for Teens: 100 Games for 12-17 years old | Sudoku - Word Search - Mazes - Mandalas | Hours of Fun for Boys & Girls,La Bibli des Ados,Paperback,Independently published,yes,,4.4,1922,109,28 April 2021,B093RWX7XP
UK,Brain teasers,13,"Minute Cryptic: THE INSTANT SUNDAY TIMES BESTSELLER: Over 160 Wordplay Puzzles to Decipher, Unlock and Untangle",Angas Tiernan,Paperback,Ebury Press,no,USD 18.01,4.8,282,352,4 Sept. 2025,1529958377
UK,Brain teasers,14,The Killer Never Checked In: Find the Killer Among 3000 Guest Records & 24 Clues -- Murder Mystery Crime Puzzle Book for Adults & Teens,KRW Media Publishing,Paperback,Independently published,yes,USD 7.95,4.0,61,178,2 July 2026,B0H7FCXP4V
UK,Brain teasers,15,"Cluedo Book of Puzzles: The official gift book for fans of the classic, iconic murder mystery game!",Hasbro,Paperback,Expanse,no,USD 5.30,4.7,120,224,8 May 2025,0008666547
UK,Brain teasers,16,"Murder Mystery Advent Calendar: The Killer Checked In | 9,600 Guests. 24 Clues. One Killer. An Interactive Christmas Mystery Game for Adults",M. L. Winterquill,Paperback,Independently published,yes,USD 10.59,5.0,8,122,3 Sept. 2026,B0HHNGZW8S
UK,Brain teasers,17,"100+ Mixed Logic Puzzles: Word Search, Crossword, Kriss Kross, Codeword, Sudoku and Maze for Healthy Brain with Bonus on The Last Page (Puzzle books)",Brainstorming Master,Paperback,Independently published,yes,USD 5.29,3.9,789,134,29 Jun. 2021,B098GSRLFJ
UK,Brain teasers,18,"The Killer Isn't June: A 20,500-Suspect Murder Mystery Logic Puzzle - 20 Clues, One Killer, Can You Find Them?",June Brittany,Paperback,June Brittany,yes,USD 17.01,3.3,5,88,8 Sept. 2026,940394028X
UK,Brain teasers,19,Mental Maths Quick Quizzes Ages 7-9: Ideal for home learning (Collins Easy Learning KS2),Collins Easy Learning,Paperback,Collins,no,USD 5.02,4.7,1545,32,15 Dec. 2021,0008212597
UK,Brain teasers,20,Big Book of Su Doku Book 1: a bumper sudoku book for adults containing 300 puzzles (Richardson Puzzle Books),Richardson Puzzles and Games,Paperback,Richardson Publishing Group,no,,4.6,278,352,7 Jan. 2021,1913602117
UK,Brain teasers,21,The Murder Mystery Club Puzzle Book: Murder in the Village: Over 70 Killer Conundrums. One Case to Solve,Gareth Moore,Paperback,,,,4.4,221,,,1789296838
UK,Brain teasers,22,"Kill Grid Volume 1 | Murder Mystery Word Search: 120 Connected Detective Crime Cases for Adults & Teens | Follow the Clues, Unmask the Killer | Whodunit Word Find Puzzle Book, Gift for Mystery Lovers",Hazel Woods,Paperback,,,USD 13.24,4.5,20,,,B0H7S181HY
UK,Brain teasers,23,The Times Quick Crossword Book 30: 100 General Knowledge Puzzles (The Times Crosswords),The Times Mind Games,Paperback,,,USD 10.06,4.6,43,,,0008748829
UK,Brain teasers,24,"Escape Room Advent Calendar for Adults - The Christmas Chalet Murder Mystery: 24 Days of Clues, Riddles, and Puzzles to Uncover the Truth Before Christmas (Interactive Hint Chat Included)",Mr. Arcanum,Paperback,,,USD 13.49,5.0,26,,,B0HB11RH2M
UK,Brain teasers,25,Word Salad: A Fresh Take on Your Daily Word Search - 'The game of the moment' SUNDAY TIMES,Samuel Johnston,Paperback,,,USD 16.56,4.7,5,,,1911754572
UK,Brain teasers,26,The Times 2 Jumbo Crossword Book 21: 60 large general-knowledge crossword puzzles (The Times Crosswords),The Times Mind Games,Paperback,,,USD 12.71,4.4,77,,,0008748845
UK,Brain teasers,27,Daily Mail Quick Crosswords Volume 1 (The Daily Mail Puzzle Books),Daily Mail,Paperback,,,,4.7,566,,,0600636232
UK,Brain teasers,28,"Retirement Activity Book for the Newly Retired: Large Print Puzzles & Brain Games. Crosswords, Sudoku, Trivia, Word Search, Cryptogram. Retirement Gift For Women & Men",Pippa Page,Paperback,,,USD 13.24,4.5,118,,,1915611164
UK,Brain teasers,29,"The 1% Club Book 2: The bestselling quiz book for everyone, the perfect gift from the hit TV show",BBC Studios,Paperback,,,USD 9.93,4.7,494,,,0857507338
UK,Brain teasers,30,Spelling Word Searches Ages 5-7: Ideal for home learning (Collins Easy Learning KS1),Collins Easy Learning,Paperback,,,USD 5.02,4.7,1822,,,0008212643
UK,"Humour: love, sex & marriage",1,The Love Hypothesis: A TikTok sensation and must-read STEM romance,Ali Hazelwood,Kindle Edition,,,USD 6.61,4.4,18253,400,27 Sept. 2021,B09GJTLKXK
UK,"Humour: love, sex & marriage",2,Yesteryear: The #1 Sunday Times Bestseller – ‘Everyone will be talking about it’ Bella Mackie,Caro Claire Burke,Kindle Edition,,,USD 13.24,4.2,123421,390,7 April 2026,B0FM6KK5PT
UK,"Humour: love, sex & marriage",3,The Correspondent: Winner of the Women’s Prize for Fiction 2026,Virginia Evans,Paperback,Penguin,no,USD 9.93,4.5,168966,320,11 Jun. 2026,140597155X
UK,"Humour: love, sex & marriage",4,"The Borrowed Life of Frederick Fife: The runaway international bestseller. A funny, heartwarming and life-affirming novel readers will fall in love with in 2026.",Anna Johnston,Kindle Edition,,,USD 1.31,4.5,19885,336,18 Jun. 2026,B0D73BCV8K
UK,"Humour: love, sex & marriage",5,The Wedding People: The hilarious and moving million-copy bestseller,Alison Espach,Kindle Edition,,,USD 7.94,4.2,226451,369,1 Aug. 2024,B0CZ9L3Z61
UK,"Humour: love, sex & marriage",6,The Subtle Art of Not Giving a F*ck: A Counterintuitive Approach to Living a Good Life (Mark Manson Collection Book 1),Mark Manson,Kindle Edition,,,USD 14.57,4.5,158729,212,13 Sept. 2016,B019MMUA8S
UK,"Humour: love, sex & marriage",7,The Understudy: A comic masterpiece by the author of ONE DAY and YOU ARE HERE,David Nicholls,Kindle Edition,,,USD 1.31,3.9,2260,417,28 Mar. 2005,B004GHN2W6
UK,"Humour: love, sex & marriage",8,The Completely Chaotic Christmas of Lottie Brooks: Cover and edition content received with your order may vary: 5,Katie Kirby,Paperback,Puffin,no,USD 6.63,4.8,3377,288,24 Oct. 2024,0241679168
UK,"Humour: love, sex & marriage",9,Love Theoretically: From the bestselling author of The Love Hypothesis,Ali Hazelwood,Kindle Edition,,,USD 7.28,4.3,41400,400,13 Jun. 2023,B0BJPBGMY7
UK,"Humour: love, sex & marriage",10,The Smeds and the Smoos,Julia Donaldson,Paperback,Alison Green Books,no,USD 5.94,4.8,9778,32,4 Jun. 2020,B07Y1V7HQ5
UK,"Humour: love, sex & marriage",11,Trust Fall: From the no. 1 bestselling author of Better than the Movies,Lynn Painter,Paperback,Simon & Schuster Children's UK,no,USD 11.25,,,416,8 Oct. 2026,1398565504
UK,"Humour: love, sex & marriage",12,"How to Kill Men and Get Away With It: A deliciously dark, hilariously twisted debut psychological thriller, about friendship, love and murder (Kitty Collins Book 1)",Katy Brent,Kindle Edition,,,USD 3.96,4.1,9565,383,12 Oct. 2022,B0B9J17MBB
UK,"Humour: love, sex & marriage",13,The Pumpkin Spice Café: Read the viral bestselling TikTok sensation cozy spicy romance this fall!: Book 1 (Dream Harbor),Laurie Gilmore,Paperback,,,USD 7.95,3.9,83484,,,0008610673
UK,"Humour: love, sex & marriage",14,The Accidental Tourist: A moving novel about what it means to be human from the Sunday Times bestselling author,Anne Tyler,Kindle Edition,,,USD 1.31,4.0,5816,,,B007V079Y2
UK,"Humour: love, sex & marriage",15,Ghosts: From the bestselling author of Everything I Know About Love and Good Material,Dolly Alderton,Kindle Edition,,,USD 1.31,4.3,17799,,,B07V6M7S6N
UK,"Humour: love, sex & marriage",16,The Love from Christmas Tree Farm: The Cosiest Festive Foodie Romance from the No 1 Kindle Bestseller,Jo Thomas,Paperback,,,USD 6.61,,,,,1035077566
UK,"Humour: love, sex & marriage",17,By Your Side: The uplifting read-in-one-sitting read from the Sunday Times No.1 Bestselling Author and Gavin & Stacey co-creator,Ruth Jones,Paperback,,,USD 6.63,4.7,6377,,,1804994405
UK,"Humour: love, sex & marriage",18,You Are Here: The number one bestselling love story from the author of One Day,David Nicholls,Kindle Edition,,,USD 7.28,4.4,24411,,,B0CFJDBYSC
UK,"Humour: love, sex & marriage",19,"Maybe One Day: Escape with the most uplifting, romantic and heartwarming must-read book of the year!",Debbie Johnson,Kindle Edition,,,USD 1.31,4.5,5305,,,B07X7FWFMQ
UK,"Humour: love, sex & marriage",20,The Scarecrows' Wedding: the funny rhyming story from the bestselling creators of The Gruffalo and Zog,Julia Donaldson,Paperback,,,USD 10.06,4.8,4787,,,1407170740
UK,"Humour: love, sex & marriage",21,Pastures New: escape with the joyful debut novel of new beginnings from the No. 1 Sunday Times bestselling author,Clare Balding,Paperback,,,USD 6.61,4.4,2501,,,0008607052
UK,"Humour: love, sex & marriage",22,A Touch of Magic at the Comfort Food Café: Return to Budbury in this – cozy romance for fans of fake dating in 2026!,Debbie Johnson,Kindle Edition,,,USD 3.96,4.5,2686,,,B0F4BBY95V
UK,"Humour: love, sex & marriage",23,Dragons Love Underpants: A hilarious picture book adventure to make the whole family laugh,Claire Freedman,Paperback,,,USD 5.96,4.7,229,,,1471165914
UK,"Humour: love, sex & marriage",24,"Claws Out!: An Instant Sunday Times Bestseller! The deliciously dark murder mystery novel from Bella Mackie, #1 bestselling author of HOW TO KILL YOUR FAMILY, new for 2026",Bella Mackie,Hardcover,,,USD 14.58,4.3,448,,,0008545588
UK,"Humour: love, sex & marriage",25,"So, I Met This Guy . . .: The Sunday Times Top Ten bestseller and perfect hilarious escapist read for women who have had ENOUGH!",Alexandra Potter,Paperback,,,USD 7.26,4.4,1611,,,1529098882
UK,"Humour: love, sex & marriage",26,"Cringe Club: The bestselling, hilarious series for tweens, from award-winning author and comedy writer: Volume 1",Emily-Jane Clark,Paperback,,,USD 6.63,4.6,329,,,1398543527
UK,"Humour: love, sex & marriage",27,Not in Love: From the bestselling author of The Love Hypothesis,Ali Hazelwood,Kindle Edition,,,USD 7.28,4.0,25703,,,B0CHKK5QQL
UK,"Humour: love, sex & marriage",28,Bride: From the bestselling author of The Love Hypothesis,Ali Hazelwood,Kindle Edition,,,USD 7.28,4.4,65952,,,B0C8SP1QRN
UK,"Humour: love, sex & marriage",29,Problematic Summer Romance: From the bestselling author of Deep End and The Love Hypothesis,Ali Hazelwood,Kindle Edition,,,USD 7.28,4.2,31964,,,B0DZBZ86Y8
UK,"Humour: love, sex & marriage",30,Dinosaurs Love Underpants,Claire Freedman,Paperback,,,USD 5.96,4.7,2625,,,1398538175
UK,Children's humour,1,Harry Potter and the Chamber of Secrets (Full-Cast Edition),J.K. Rowling,Audible Audiobook,,,£19.65,4.8,105298,,,B0F14VTX6V
UK,Children's humour,2,Harry Potter and the Prisoner of Azkaban (Full-Cast Edition),J.K. Rowling,Audible Audiobook,,,£19.65,4.8,104224,,,B0F14NYM4K
UK,Children's humour,3,Harry Potter and the Goblet of Fire (Full-Cast Edition),J.K. Rowling,Audible Audiobook,,,£32.59,4.8,102094,,,B0F14R8HL5
UK,Children's humour,4,Harry Potter and the Order of the Phoenix (Full-Cast Edition),J.K. Rowling,Audible Audiobook,,,£32.59,4.8,90611,,,B0F14SJ4F9
UK,Children's humour,5,Harry Potter and the Half-Blood Prince (Full-Cast Edition),J.K. Rowling,Audible Audiobook,,,£31.04,4.8,75281,,,B0F14YBFH9
UK,Children's humour,6,Harry Potter and the Philosopher’s Stone (Full-Cast Edition),J.K. Rowling,Audible Audiobook,,,£19.65,4.3,99,,,B0F155M8K8
UK,Children's humour,7,One Christmas Eve: A brand-new picture book about Percy the Park Keeper for 2026. The perfect Christmas gift for toddlers and kids aged 3+,Nick Butterworth,Hardcover,,,£6.49,,,,,0008765944
UK,Children's humour,8,Lottie Brooks’s Twelve Disasters of Christmas: Twelve festive short stories from the mega-bestselling author of the Lottie Brooks series: 12,Katie Kirby,Hardcover,,,£7.49,,,,,0241769418
UK,Children's humour,9,"Bunny vs Monkey: Day of the Heroes! (a Phoenix Comic book, from the multi-million-selling creative genius Jamie Smart)",Jamie Smart,Hardcover,,,£6.49,,,,,1788453913
UK,Children's humour,10,Diary of a Wimpy Kid: Fight or Flight (Book 21): THE NEXT HILARIOUS BOOK IN THE BESTSELLING SERIES,Jeff Kinney,Hardcover,,,£7.49,,,,,0241745217
UK,Children's humour,11,The Pumpkin Thief: a hilarious autumnal picture book by the New York Times bestselling creators of The Leaf Thief (Leaf Thief Series),Alice Hemming,Paperback,,,£4.50,4.9,115,,,0702343498
UK,Children's humour,12,"The 13-Storey Treehouse: The laugh-out-loud adventure, full of comic book style illustrations (The Treehouse Series, 1)",Andy Griffiths,Paperback,,,£2.99,4.6,4592,,,1447279786
UK,Children's humour,13,The Completely Chaotic Christmas of Lottie Brooks: Cover and edition content received with your order may vary: 5,Katie Kirby,Paperback,Puffin,no,£5.00,4.8,3377,288,24 Oct. 2024,0241679168
UK,Children's humour,14,"From the World of Percy Jackson: The Wild Zone: A major new series full of demigods, monsters and mythology: 1 (Camp Half-Blood, 1)",Rick Riordan,Hardcover,,,£13.39,,,,,0241840708
UK,Children's humour,15,Would you rather? World: A fun-filled family game book (National Geographic Kids),National Geographic Kids,Paperback,Collins,no,£3.00,4.6,273,104,2 Mar. 2023,0008554390
UK,Children's humour,16,The Leaf Thief: Children will love this laugh-out-loud picture book about the changing seasons!: 1 (Leaf Thief Series),Alice Hemming,Paperback,,,£7.59,4.8,1039,,,1407191446
UK,Children's humour,17,"Dog Man 15: A Sprinkle in Time (the latest laugh-out-loud, full-colour graphic novel in the Number One, multi-million-copy-selling series!) (Dog Man (englisch), 15)",Dav Pilkey,Hardcover,,,£7.49,,,,,0702349305
UK,Children's humour,18,Ghost and Toast: brilliantly bonkers and side-splittingly funny graphic novel adventures for fans of BUNNY VS MONKEY and DONUT SQUAD!,Phil Corbett,Paperback,,,£4.49,5.0,7,192,,1835875327
UK,Children's humour,19,The Seriously Epic Holiday of Lottie Brooks: The eighth hilarious diary in the bestselling series: 8,Katie Kirby,Hardcover,,,£7.00,4.8,1935,,,0241769248
UK,Children's humour,20,Tiddler,Julia Donaldson,Paperback,,,£4.00,4.8,7750,,,1407170759
UK,Children's humour,21,Stick Man,Julia Donaldson,Paperback,,,£5.99,4.9,15768,,,1407170716
UK,Children's humour,22,"Lottie Brooks's Totally Disastrous School-Trip (Lottie Brooks, 4): The fourth hilarious diary in the bestselling series",Katie Kirby,Paperback,,,£5.00,4.8,3136,,,0241562058
UK,Children's humour,23,Zog,Julia Donaldson,Paperback,,,£4.48,4.9,11826,,,1407170767
UK,Children's humour,24,"Minecraft Joke Book: An official illustrated Minecraft children’s joke book – perfect for funny kids who are into video games aged 7, 8, 9, 10 and 11!",Mojang AB,Paperback,,,£2.00,4.6,4637,,,1405295252
UK,Children's humour,25,InvestiGators: A Laugh-Out-Loud Comic Book Adventure!: 1,John Patrick Green,Paperback,,,£4.37,4.7,4418,,,1529054370
UK,Children's humour,26,The Mega-Complicated Crushes of Lottie Brooks: The third hilarious diary in the bestselling series: 3,Katie Kirby,Paperback,,,£5.00,4.7,4320,,,0241562031
UK,Children's humour,27,The Majorly Awkward BFF Dramas of Lottie Brooks: The sixth hilarious diary in the bestselling series: 6,Katie Kirby,Paperback,,,£4.97,4.7,2697,,,0241647266
UK,Children's humour,28,Tabby McTat: 1,Julia Donaldson,Paperback,,,£4.48,4.8,6546,,,1407170708
UK,Children's humour,29,Lottie Brooks vs The Ultra Mean Girls: The seventh hilarious diary in the bestselling series: 7,Katie Kirby,Paperback,,,£4.49,4.8,2685,,,0241647231
UK,Children's humour,30,The Extremely Embarrassing Life of Lottie Brooks: The first hilarious diary in the bestselling series: 1,Katie Kirby,Paperback,,,£5.00,4.7,5178,,,0241460883
UK,"Calendars, diaries, annuals",1,Guinness World Records 2027,Guinness World Records,Hardcover,,,£8.98,4.9,28,,,1806500221
UK,"Calendars, diaries, annuals",2,"Squishy Christmas Dumpling Advent Calendar 2026, 24 Days Countdown Calendar | 24 Days Countdown Calendar, Soft & Squeezy Squishy Toys, Christmas Advent Calendar with 24 Cute Squishies for Adults",,,,,,2.0,2,,,B0HJ49DYZH
UK,"Calendars, diaries, annuals",3,2027 A4 Large Print Wall Calendar - 2 Column Month to View Spiral Bound Hanging Planner - Large Writing Spaces - Home Business Office School Family Organiser January-December 2027,,,,,,4.4,10352,,,B08MFMMLNW
UK,"Calendars, diaries, annuals",4,"Pinnora A5 Black Academic Diary 2026-2027 Week to View, Hard Cover, August - July Dated Academic Planner, Ideal Student & Teacher Planner 2026-27, University, Revision, Study, To-Do Lists",,,,,£7.49,4.4,659,,,B0CYQGP2NZ
UK,"Calendars, diaries, annuals",5,Minimalist Wall Calendar 2026 2027 UK - Calendar 2026 2027 Month to View - 18 months calendar July 2026 to December 2027 (18 months) - Family Calendar for Easy & Efficient Planning,,,,,,4.6,949,,,B0GZ7ZMDFT
UK,"Calendars, diaries, annuals",6,A2 Size 59.4 x 43cm | Yearly Academic Wall Planner 2026/2027 | Wall Calendar 2026 Planner | Year Chart 2026 | Academic 13 Month Mid Year Calendar from Aug 2026-Aug 2027 with Mini 2028 Yearly Calender,,,,,,4.4,1763,,,B0H2X658TR
UK,"Calendars, diaries, annuals",7,Filofax Personal Week on two pages English 2027 diary 27-68421,,,,,£7.71,4.9,40,,,B0GVNBMHQY
UK,"Calendars, diaries, annuals",8,"Qupuce Magnetic Calendar for Fridge 2026 2027 A4 UK - Sep. 26 to Dec. 27 | Magnet Fridge Calendar 2026/27, Family Calendar Planner - Monthly Magnetic Fridge Planner for Easy & Efficient Planning",,,,,,4.6,1275,,,B0FSKZ8674
UK,"Calendars, diaries, annuals",9,"2026 Christmas Advent Calendar, 24 Days Squishies，B | for Christmas Birthday Party Favors Gift",,,,,,2.3,17,,,B0HH9KSL3N
UK,"Calendars, diaries, annuals",10,Guinness World Records Gamer's Edition 2027,Guinness World Records,Paperback,,,£5.98,4.6,17,,,180650023X
UK,"Calendars, diaries, annuals",11,Guinness World Records Football Edition 2027,Guinness World Records,Paperback,,,£6.49,,,176,,1806500248
UK,"Calendars, diaries, annuals",12,The Almanac: A Seasonal Guide to 2027,Lia Leendertz,Hardcover,,,£7.49,4.2,12,,,1856755525
UK,"Calendars, diaries, annuals",13,"Calendar 2027 A4 Wall Planner | Month To View, Two Column, Spiral Bound",,,,,,4.5,5117,,,B08SL8XY6T
UK,"Calendars, diaries, annuals",14,"Moleskine Weekly Planner 2026 2027-18-Month Planner with Space for Notes, Soft Cover and Elastic Closure, Black Color, Large Size 13 x 21 cm",,,,,£14.13,4.6,250,,,B0G41B65FV
UK,"Calendars, diaries, annuals",15,2027 Wall Planner A1 Large 85cm X 58cm Laminated 2027 Wall Calendar 2027 Year Planner With Stickers And Dry Wipe Pen,,,,,£6.99,4.7,453,,,B0D92GLNYQ
UK,"Calendars, diaries, annuals",16,"Rileys 2026-2027 Typographic Academic Planner, 20x15cm (Blue) | Notes Pages, Twin-Wire Binding, Weekly Agenda for School & Work",,,,,,4.4,3601,,,B0FSJQZ934
UK,"Calendars, diaries, annuals",17,Filofax Pocket Week on two pages English 2027 diary 27-68221,,,,,£6.46,4.9,16,,,B0GVN7N8M2
UK,"Calendars, diaries, annuals",18,"Beano Annual 2027 | The UK's No. 1 bestselling annual returns with hilarious new comic adventures starring Dennis & Gnasher, Minnie the Minx, Bananaman and more favourite characters",Beano,Hardcover,,,£9.97,4.9,20,,,1917436432
UK,"Calendars, diaries, annuals",19,The Gruffalo and Friends Advent Calendar Book Collection: The perfect festive activity book advent calendar for children!,Julia Donaldson,Hardcover,,,£15.74,4.6,1462,,,1035064510
UK,"Calendars, diaries, annuals",20,24-Day 3D Mini Christmas Brick Ornament Advent Calendar | 24 Unique DIY Building Set Christmas Countdown Calendar | 24 Days of Buildable Holiday Designs with Hanging Loops,,,,,,5.0,2,,,B0HK49Y7MY
UK,"Calendars, diaries, annuals",21,Filofax Personal Week per page English 2027 diary 27-68426,,,,,£5.42,5.0,17,,,B0GVNJ99RD
UK,"Calendars, diaries, annuals",22,"Orgnizme 2027 Weekly Diary Refill Personal Size, Week on Two Pages, Compatible with Filofax Personal Organiser",,,,,,4.6,1058,,,B0GS56M1VP
UK,"Calendars, diaries, annuals",23,"Advent Calendar 2026, 24 Day Christmas Countdown For Adults，A | Soft Sensory Squeeze Balls, 24-Day Mystery Countdown, Ideal For Adults, Christmas, Birthday & Party Favors",,,,,,,,,,B0HKS3S6M1
UK,"Calendars, diaries, annuals",24,"2027 Diary A4 A5 Page a Day Hardback Ruled Daily Planner (A4, Purple)",,,,,£13.99,4.7,1191,,,B0B8WCSHVL
UK,"Calendars, diaries, annuals",25,"MCCORL Magnetic Weekly Planner Whiteboard for Fridge Calendar, Perfect as Family Chores Chart,Reminder and Memo Board, wipeable (Monday to Sunday)",,,,,,4.5,398,,,B0C7MNV8CV
UK,"Calendars, diaries, annuals",26,"DumanAsen New Version 12pcs Chalk Pens for blackboard, Liquid Chalk pens for Chalkboard and Glass, Acrylic Calendar Planning Board, Whiteboard pens for Window Christmas Halloween, Chalk Pens 12 Pcs",,,,,,4.4,337,,,B0DBM113F9
UK,"Calendars, diaries, annuals",27,"Squishy Advent Calendar 2026 With 24day Squishies Dumpling Christmas，A | 24*Dumpling Squishies,20*30cm 500g Festive Gift Box Countdown",,,,,,5.0,2,,,B0HK49CKWC
UK,"Calendars, diaries, annuals",28,RHS Desk Diary 2027,The Royal Horticultural Society,Diary,,,£8.17,4.4,14,,,1805700960
UK,"Calendars, diaries, annuals",29,"2027 Diary A5 Week-to-View – Weekly Planner with Colorful Monthly Tabs, 100 GSM Paper, Pen, Elastic Band, Pen Loop & Pocket – Weekly Organiser for Work, Study & Personal Planning, Tree of Life",,,,,,4.6,228,,,B0GSVPTW12
UK,"Calendars, diaries, annuals",30,"FIRST CHOICE KAYA 2027 Wall planner A1 - Large 85x58 cm Laminated Year Calendar with 200+ Stickers - Reusable Year-at-a-Glance Planner for Home, Office, School & Business Organisation",,,,,£6.99,4.5,1328,,,B0BB7YR3X9
UK,Mandalas & patterns,1,Mindfulness Patterns: Coloring Book with Creative Pattern Designs for Stress Relief and Relaxation,Vivi Tinta,Paperback,Independently published,yes,USD 10.96,4.5,1619,108,26 Jan. 2024,B0CTGLNZWH
UK,Mandalas & patterns,2,"101 Relaxing: Amazing Adults Coloring Book with Stress Relieving Designs Animals, Mushroom, Landscape, House, Birds, Flowers For Anxiety Relief and Relaxation",Lauren Kay,Paperback,Independently published,yes,USD 11.37,4.5,391,206,22 Aug. 2023,B0CGCF5WCL
UK,Mandalas & patterns,3,"Stress Relief: Adult Coloring Book with Animals, Landscape, Flowers, Patterns, Mushroom And Many More For Relaxation",Kytefox Publishing,Paperback,Independently published,yes,USD 11.04,4.4,4346,106,22 Jun. 2023,B0C91KFHH7
UK,Mandalas & patterns,4,"Relaxing Mandala Patterns Adult Coloring Book: Stress Relieving Mandala, Anxiety Relief Coloring Pages.",Kim Mansamer,Paperback,Independently published,yes,USD 7.40,4.6,1120,102,30 Jan. 2023,B0BTJK47WN
UK,Mandalas & patterns,5,Creative Watercolor Workbook: Expressive Exercises and Imaginative Painting Projects,Kate Rebecca Leach,Paperback,David & Charles,no,USD 18.15,,,80,20 Oct. 2026,1446318052
UK,Mandalas & patterns,6,100 Color by Number Dots Mysteries: A Dot Coloring Book For Adults Relaxation and Wonder – Color Dots by Number and Letter (Pixelcolorist Quest),Pixelcolorist Books,Paperback,Pixelcolorist,yes,USD 13.24,4.5,342,209,20 Mar. 2026,B0GSJMBZF9
UK,Mandalas & patterns,7,"Relaxation 101 - Jumbo Variety Coloring Book for Teens & Adults: Beautiful Coloring Book with 101 Images of Landscapes, Flowers, Birds, Animals, Mandala Patterns, Motivational Quotes & more.",Pretty Fantastic Publishing,Paperback,Independently published,yes,USD 10.59,4.4,429,204,26 Sept. 2023,B0CJSYT1L5
UK,Mandalas & patterns,8,"Color By Number For Adults: 75 Beautiful Pictures Designed For Fun, Adult Relaxation & Stress Relief Coloring For Hours On End (includes Flowers, Animals, Mandala, Nature, Landscapes & Much More)",Premium Press,Paperback,Premium Press,yes,USD 13.47,4.4,748,154,5 Dec. 2022,1739165470
UK,Mandalas & patterns,9,"Mindful Monochrome Escape: A Cozy Nature Coloring Book for Adults: Stress Relief Through Relaxing Flowers, Landscapes, Mandalas, Animals, and One-Color Nature Designs for Adults and Seniors",Melinda Bowman,Paperback,Independently published,yes,USD 10.59,4.3,40,115,2 Feb. 2026,B0GLHKYTKC
UK,Mandalas & patterns,10,"Hatch & Fill Coloring Book: 100 Addictive Mystery Pages – A Relaxing Coloring Book for Adults, Simple to Follow and Hard to Put Down",Pixelcolorist Books,Paperback,Pixelcolorist,yes,USD 13.24,4.8,114,209,14 Aug. 2026,B0HCCZ2N6X
UK,Mandalas & patterns,11,The Well-Being Activity Book: Soothing Puzzles to Help You Feel Restored,Anna Barnes,Paperback,Vie,yes,USD 8.67,4.4,407,160,9 Jan. 2025,B00OSPSQ0Y
UK,Mandalas & patterns,12,"Amazing Patterns: Adult Coloring Book, Stress Relieving Mandala Style Patterns",Coloring Book Kim,Paperback,Independently published,yes,USD 7.67,4.5,8781,102,4 Sept. 2020,B08HGTT1D7
UK,Mandalas & patterns,13,Satisfying Patterns & Swear Word Coloring Book for Adults: Ssshh... Zero Chill – Your Ultimate Therapy Book: Bold & Easy for Stress Relief | Funny Relaxation Gift for Stressed Women,Dr. Sassatisfaction,Paperback,Independently published,yes,USD 10.17,4.8,35,90,9 Jun. 2025,B0FCXQ5NXL
UK,Mandalas & patterns,14,"Satisfying Patterns: Coloring Book for Adults and Teens, Bold and Simple Designs for Relaxation Featuring satisfying patterns",Dream  Burst Books,Paperback,Independently published,yes,USD 10.59,4.5,74,107,24 Dec. 2024,B0DRH166Q9
UK,Mandalas & patterns,15,Adult Coloring Book - Mandalas #3: Coloring Book for Adults Featuring 50 Beautiful Mandala Designs: Volume 19 (Hobby Habitat Coloring Books),Hobby Habitat Coloring Books,Paperback,CreateSpace Independent Publishing Platform,yes,USD 4.03,4.6,258,112,14 April 2016,1532759770
UK,Mandalas & patterns,16,Monochrome Coloring Book — One-Color Negative-Space Designs for Adults & Teens: One-pen linework for black marker; bold silhouettes and crisp outlines ... (MONOCHROME COLORING BOOK INK BLISS SERIES),Fun Books Publisher,Paperback,Independently published,yes,USD 11.03,4.7,110,109,13 Sept. 2025,B0FR91RBSZ
UK,Mandalas & patterns,17,Art Therapy: A Mindfulness Colouring and Doodle Book for Adults (Art Therapy Colouring),Hannah Davies,Paperback,LOM ART,yes,USD 9.93,4.6,116,128,1 Sept. 2022,1912785668
UK,Mandalas & patterns,18,Graffiti & Street Art Colouring Book for Teenage Girls and Boys: 50 Captivating Designs to Colour and Relax | Perfect Gift for Teenagers and Adults,Laura Freigeist,Paperback,Independently published,yes,USD 7.78,4.6,48,106,18 Mar. 2024,B0CYKVCYWY
UK,Mandalas & patterns,19,Petal Pink Mandala Colouring & Journaling Gift Set | Zenn Meditation Art: 3 | Compact Travel-Size Spiral Bound Hardcover,Zenn Meditation Art,,,,,4.6,150,,,B0G59GTY3T
UK,Mandalas & patterns,20,"Midnight Mandalas: Coloring Book for Women, Teens, Adults with Stunning Mandala Patterns for Relaxation and Stress Relief",Kytefox Publishing,Paperback,Independently published,yes,USD 8.64,4.5,224,96,15 Aug. 2023,B0CFZMHC66
UK,Mandalas & patterns,21,Monochrome Mandala Flowers : Botanical Coloring Book for Adults | 50 Relaxing One Color Floral Designs,Mona Carter,Paperback,,,USD 5.95,5.0,1,,,B0H4RQ342T
UK,Mandalas & patterns,22,"Easy Mandalas Coloring Book: 50 Simple Mandala, Large Print Mandala Coloring Book with Simple and Easy Mandalas, Mandala Patterns for Adults,Seniors",Tracy Flowers,Paperback,,,USD 6.61,4.6,62,,,B0DPSPYPB1
UK,Mandalas & patterns,23,Hatch & Trace Ink - Geometric Animals: Ink Tracing Book for Adults — Monochrome Coloring Book with Guided Parallel-Line Shading for Satisfying Black Ink Art That Looks Advanced,Lineworks Ink Press,Paperback,,,USD 14.34,4.7,40,,,B0H6Y5KM3Q
UK,Mandalas & patterns,24,"Stress Relief Colouring Book For Adults: 60 Relaxing Designs - Mandalas, Animals, Flowers & Nature for Mindfulness, Calm & Anxiety - UK Edition",Friendly Books,Paperback,,,USD 10.59,5.0,1,,,1919233989
UK,Mandalas & patterns,25,LEGO® Botanicals: Sticker Art,LEGO®,Paperback,,,USD 14.91,4.6,53,,,1837250898
UK,Mandalas & patterns,26,Sticker By Numbers: Ocean (Activty Book for Adults),Igloo Books Ltd,Paperback,,,USD 7.66,4.5,46,,,1835442129
UK,Mandalas & patterns,27,Mindfulness Patterns: Relaxing Coloring Book For Adults With Simple Mandala-Style Patterns For Stress Relief.,Kim Mansamer,Paperback,,,USD 7.67,4.4,810,,,B0CKP1F3HW
UK,Mandalas & patterns,28,Cozy Girl Self Love: Bold and Easy Coloring Book for Adults and Teens for Relaxation,Warisha Rinaya,Paperback,,,USD 5.89,4.7,10,,,B0GCYCZQB9
UK,Mandalas & patterns,29,"Mandalas: An Adult Coloring Book with 100 Beautiful Mandalas in Various Styles for Stress Relief and Relaxation, Mandala to color",Anytime color,Paperback,,,USD 4.75,3.7,34,,,B0CLY6NLM2
UK,Mandalas & patterns,30,"Trace and Draw Doodle Art: Ink Tracing and Line Control Coloring Book for Teens and Adults: Relaxing Mindfulness Activity for Stress Relief, Creative Flow, and Artistic Skill Building",Stella Fidei,Paperback,,,USD 10.59,3.6,12,,,B0H71WPJ5D
UK,Kids mazes,1,OMG I'm So Bored ! The Activity Book for Teens: 100 Games for 12-17 years old | Sudoku - Word Search - Mazes - Mandalas | Hours of Fun for Boys & Girls,La Bibli des Ados,Paperback,Independently published,yes,,4.4,1922,109,28 April 2021,B093RWX7XP
UK,Kids mazes,2,"Activity Book For 6-7 Year Olds: Mazes, Word Searches, Maths Puzzles, Find the Differences, and Many More!",Smart Little Owl,Paperback,Independently published,yes,USD 6.53,4.7,764,80,12 Sept. 2023,B0CHW3DWX1
UK,Kids mazes,3,"Activity Book For 5-6 Year Olds: Mazes, Spot the Difference, Math Puzzles, Picture Puzzles, and More!: (Gift Idea for Girls and Boys)",Smart Little Owl,Paperback,Independently published,yes,,4.6,1746,70,14 April 2020,B08734ZD76
UK,Kids mazes,4,"Activity Book For 4-5 Year Olds: Mazes, Early Math, Find the Differences, Numbers, Letters, Shapes and Many More!",Smart Little Owl,Paperback,Independently published,yes,USD 7.54,4.7,621,79,4 May 2023,B0C47YQXPZ
UK,Kids mazes,5,Really Fun Activity Book For 7-9 Year Olds: Fun & educational activity book for seven to nine year old children,Mickey MacIntyre,Paperback,Bell & Mackenzie Publishing Limited,yes,USD 10.59,4.6,1658,64,8 Mar. 2017,1912155079
UK,Kids mazes,6,"201 Brain Booster Activity Book - Fun Activities and Exercises For Children: Tracing & Pattern, Colors & Shapes, Maze",Wonder House Books,Paperback,Wonder House Books,no,USD 7.54,4.4,3692,48,30 Aug. 2022,935440460X
UK,Kids mazes,7,Football Activity Book For Kids: The Ultimate Football Themed Workbook For Kids Aged 4-8 | 6-12: The Perfect Football Gift For Football Mad Kids | ... Of Football Fun | Ideal For Travel Journeys,Activity Bandits,Paperback,Independently published,yes,USD 8.28,4.6,190,94,16 Jun. 2022,B0B3RQRPSF
UK,Kids mazes,8,"Activity Book For 3-4 Year Olds: Spot The Difference, Mazes, Math Puzzles, Picture Puzzles, Numbers, Letters, and More!: (Gift Idea for Girls and Boys)",Smart Little Owl,Paperback,Independently published,yes,USD 6.89,4.6,1558,80,14 May 2020,B088LJJPMS
UK,Kids mazes,9,"Little Children's Activity Book: Mazes, Puzzles and Colouring: 1 (Little Children's Activity Books): mazes, puzzles, colouring & other activities",Various,Paperback,Usborne Publishing Ltd,no,USD 9.27,4.7,1458,68,1 Oct. 2014,1409586693
UK,Kids mazes,10,"Activity Book for Kids Ages 6-8: Word Searches, Coloring Pages, Spot the Differences, Mazes, Color by Numbers and More: 9 (Kids Activity Books)",Young Dreamers Press,Paperback,Young Dreamers Press,yes,USD 9.27,4.7,511,131,2 Aug. 2023,1990864392
UK,Kids mazes,11,"Activity Book For 7-8 Year Olds: Mazes, Word Searches, Maths Puzzles, Find the Differences, Crosswords, and Many More!",Smart Little Owl,Paperback,Independently published,yes,USD 7.41,4.6,322,80,21 Sept. 2024,B0DHRY1H5K
UK,Kids mazes,12,"Mazes For Kids Ages 4-8: Maze Activity Book | 4-6, 6-8 | Games, Puzzles and Problem-Solving for Children (Maze Books for Kids)",Splendid Youth,Paperback,Splendid Youth,yes,,4.6,241,109,21 April 2021,1914329244
UK,Kids mazes,13,Maze Book for Kids Ages 4-8,BJB Publishing,Paperback,Independently published,yes,USD 5.29,4.8,254,103,8 Jun. 2025,B0FCMY7RQV
UK,Kids mazes,14,"Big Horse Activity Book: 100+ Fun Horse Games, Quizzes, Puzzles, Riddles and Jokes, Mazes and over Coloring Pages. Perfect horse gifts and crafts for Girls 8-12. (Fun Books for Tweens and Kids)",Kiki Soul,Paperback,Independently published,yes,USD 13.24,4.8,50,111,20 Nov. 2025,B0G37D2W6J
UK,Kids mazes,15,"The Highway Rat Sticker Activity Book: Packed with mazes, dot-to-dots, word searches, colouring-in pages and more!",Julia Donaldson,Paperback,Alison Green Books,no,USD 8.80,4.7,367,32,3 Jan. 2019,1407191519
UK,Kids mazes,16,"The Tabby McTat Sticker Activity Book: Packed with mazes, dot-to-dots, word searches, colouring-in pages and more!",Julia Donaldson,Paperback,Alison Green Books,no,USD 8.80,4.7,226,32,2 May 2019,1407189492
UK,Kids mazes,17,"The Tiddler Sticker Activity Book: Packed with mazes, dot-to-dots, word searches, colouring-in pages and more!",Julia Donaldson,Paperback,Alison Green Books,no,USD 8.80,4.6,158,32,4 Feb. 2021,0702305952
UK,Kids mazes,18,101 Maze Activity Book-colouring books for kids (101 Fun Activities),Wonder House Books Editorial,Paperback,Wonder House Books,no,USD 11.47,4.3,3945,112,25 Jan. 2019,9388369947
UK,Kids mazes,19,Mazes for Clever Kids®: More than 100 puzzles to boost your brainpower (Buster Brain Games),Dr Gareth Moore,Paperback,Buster Books,no,USD 5.29,4.9,11,192,5 Jun. 2025,1837250227
UK,Kids mazes,20,The Puzzle Activity Book (Buster Puzzle Activity),Buster Books,Paperback,Buster Books,no,,4.6,1636,64,9 April 2015,1780553137
UK,Kids mazes,21,"The Zog Sticker Activity Book: Packed with mazes, dot-to-dots, word searches, colouring-in pages and more!",Julia Donaldson,Paperback,,,USD 8.80,4.6,237,,,1407189484
UK,Kids mazes,22,"The Stick Man Sticker Activity Book: Packed with mazes, dot-to-dots, word searches, colouring-in pages and more!",Julia Donaldson,Paperback,,,USD 8.80,4.7,626,,,1407186922
UK,Kids mazes,23,"The Zog and the Flying Doctors Sticker Activity Book: Packed with mazes, dot-to-dots, word searches, colouring-in pages and more!",Julia Donaldson,Paperback,,,USD 8.80,4.7,264,,,1407197819
UK,Kids mazes,24,Spy Mazes (Maze Books),Sam Smith,Paperback,,,USD 10.06,4.9,135,,,1474998445
UK,Kids mazes,25,The Big Book of Mazes for Kids: 100 Fun and Challenging Mazes,Dylanna Press,Paperback,,,USD 10.59,4.6,953,,,1647900409
UK,Kids mazes,26,"Here We Are Activity Book: A fun-filled activity book for children, full of puzzles, mazes and stickers, from world-renowned artist and picture-book maker Oliver Jeffers.",Oliver Jeffers,Paperback,,,USD 10.06,5.0,2,,,0008735506
UK,Kids mazes,27,"Activity Puzzle Book for Kids and Children of ages 8-12: Word Search, Maze, Criss Cross, Sudoku: Have fun learning with 46 themed puzzles, includes cute pictures for colouring",Smart Squirrel Publishing,Paperback,,,USD 10.59,4.6,175,,,B0B3K744HN
UK,Kids mazes,28,101 Brain Booster Activity Book-colouring books for kids: Fun Activity Book for Children (101 Fun Activities),Wonder House Books Editorial,Paperback,,,USD 11.32,4.4,7492,,,9388369793
UK,Kids mazes,29,"The Superworm Sticker Activity Book: Packed with mazes, dot-to-dots, word searches, colouring-in pages and more!",Julia Donaldson,Paperback,,,USD 8.80,4.7,207,,,1407197827
UK,Kids mazes,30,"Activity Book For 8-9 Year Olds: Mazes, Word Searches, Crosswords, Word Scrambles, Number Puzzles, Find the Differences, and Many More!",Smart Little Owl,Paperback,,,USD 6.84,4.6,45,,,B0FR9HGZS9
UK,Quiz questions,1,"The Killer Isn't Alice: The Bestselling Interactive Murder Mystery Puzzle Book - 46,600 Suspects, 1 Killer. Can You Solve the Crime?",Iris Starling,Paperback,Century,no,USD 9.93,4.5,1819,224,1 Sept. 2026,1807845826
UK,Quiz questions,2,Murdle: #1 SUNDAY TIMES BESTSELLER: Solve 100 Devilishly Devious Murder Mystery Logic Puzzles (Book 1) (Murdle Puzzle Series),G. T. Karber,Paperback,Souvenir Press,no,USD 9.93,4.5,3163,384,22 Jun. 2023,1800818025
UK,Quiz questions,3,Would you rather? World: A fun-filled family game book (National Geographic Kids),National Geographic Kids,Paperback,Collins,no,USD 3.98,4.6,273,104,2 Mar. 2023,0008554390
UK,Quiz questions,4,The Book For Men Who Have Everything: Unusual Knowledge and Boredom Busters for Intelligent Men,IQ Street,Paperback,Curious Press,yes,USD 8.51,4.5,1370,201,9 Oct. 2025,B0FVKQH4KS
UK,Quiz questions,5,The 1% Club Book 1: THE BESTSELLING QUIZ BOOK - the perfect gift for all quiz and puzzle fans,BBC Studios,Paperback,,,USD 9.93,4.6,2088,,,0857506412
UK,Quiz questions,6,Would you rather? Animals: A fun-filled family game book (National Geographic Kids),National Geographic Kids,Paperback,Collins,no,USD 5.30,4.7,606,104,3 Mar. 2022,0008503354
UK,Quiz questions,7,Will Holding in a Fart Make You Explode: Quirky Questions and Intriguing Answers for Teens,Lauren Clearwell,Paperback,Upgraded Publishing,yes,USD 13.23,4.4,105,128,10 May 2025,1923108743
UK,Quiz questions,8,"Interesting Facts For Curious Minds: 1572 Random But Mind-Blowing Facts About History, Science, Pop Culture And Everything In Between",Jordan Moore,Paperback,Red Panda Press,yes,USD 13.24,4.4,16190,196,18 July 2022,B0B6XFT4RH
UK,Quiz questions,9,Ripley’s Believe It or Not! 2027,Ripley,Hardcover,Century,no,USD 14.58,4.0,1,256,10 Sept. 2026,1529991609
UK,Quiz questions,10,"The Memory Lane Quiz Book (Large Print): A Gift Book of British Nostalgia & Trivia: Fun Quizzes, Classic Memories & Thought-Provoking Prompts About ... Britain (Great British Quiz Collection)",PuzzlePlayPress,Paperback,Eight15 Limited,no,USD 13.52,4.6,208,127,22 Jun. 2025,1915611326
UK,Quiz questions,11,"Cluedo Book of Puzzles: The official gift book for fans of the classic, iconic murder mystery game!",Hasbro,Paperback,Expanse,no,USD 5.30,4.7,120,224,8 May 2025,0008666547
UK,Quiz questions,12,"The Killer Isn't June: A 20,500-Suspect Murder Mystery Logic Puzzle - 20 Clues, One Killer, Can You Find Them?",June Brittany,Paperback,June Brittany,yes,USD 17.01,3.3,5,88,8 Sept. 2026,940394028X
UK,Quiz questions,13,The Murder Mystery Club Puzzle Book: Murder in the Village: Over 70 Killer Conundrums. One Case to Solve,Gareth Moore,Paperback,Michael O'Mara,no,,4.4,221,224,12 Sept. 2024,1789296838
UK,Quiz questions,14,The Times Quick Crossword Book 30: 100 General Knowledge Puzzles (The Times Crosswords),The Times Mind Games,Paperback,Times Books,no,USD 10.06,4.6,43,240,15 Jan. 2026,0008748829
UK,Quiz questions,15,Weird but true! 2027: wild and wacky facts & photos! (National Geographic Kids),National Geographic Kids,Hardcover,Collins,no,USD 23.86,4.9,29,256,13 Aug. 2026,0008812497
UK,Quiz questions,16,"The 1% Club Book 2: The bestselling quiz book for everyone, the perfect gift from the hit TV show",BBC Studios,Paperback,Bantam,no,USD 9.93,4.7,494,336,6 Nov. 2025,0857507338
UK,Quiz questions,17,"Retirement Activity Book for the Newly Retired: Large Print Puzzles & Brain Games. Crosswords, Sudoku, Trivia, Word Search, Cryptogram. Retirement Gift For Women & Men",Pippa Page,Paperback,Eight15 Ltd,no,USD 13.24,4.5,118,168,9 Aug. 2024,1915611164
UK,Quiz questions,18,"101 Things Only People Born in 1936 Remember: A Nostalgic Trip Through a 1940s British Childhood — Memories, Photos, Word Searches & a Quiz | The Perfect 90th Birthday Gift",Maple Row Press,Paperback,Independently published,yes,USD 17.22,5.0,1,123,31 July 2026,B0HCF1R75N
UK,Quiz questions,19,"The Ultimate Brain Games And Puzzles Book For Adults: Tricky But Fun Brain Teasers, Trivia Challenges, Crosswords, Word Searches And Much More To Keep Your Mind Young And Engaged",Donovan Ellis,Paperback,Red Panda Press,yes,,4.4,2153,139,15 Aug. 2022,B0B9QM23D3
UK,Quiz questions,20,Daily Mail Quick Crosswords Volume 1 (The Daily Mail Puzzle Books),Daily Mail,Paperback,Hamlyn,no,,4.7,566,240,13 Jun. 2019,0600636232
UK,Quiz questions,21,Big Book of Codewords Book 1: a bumper codeword book for adults containing 300 puzzles (Richardson Puzzle Books),Richardson Puzzles and Games,Paperback,,,,4.5,660,,,1913602079
UK,Quiz questions,22,The 1% Club Book 3: BRAND NEW quiz book from the bestselling series – a perfect gift for fans of the show!,BBC Studios,Paperback,,,USD 9.93,,,,,1911754610
UK,Quiz questions,23,"The Ultimate Book of Random Fun Facts: Over 1000 Interesting Facts And Trivia Quizzes About History, Science, Sports, Animals, Space and Anything In Between!",Bill O'Neill,Paperback,,,USD 12.18,4.6,2411,,,1648451233
UK,Quiz questions,24,"Lost in Space: 5,000 Facts for Navigating the Universe",Neil deGrasse Tyson,Hardcover,,,,4.7,66,,,1426224389
UK,Quiz questions,25,"Wordle Challenge: 500 Puzzles to do anywhere, anytime: 1 (Puzzle Challenge)",Ivy Press,Paperback,,,,4.4,1341,,,0711280401
UK,Quiz questions,26,Big Book of Wordsearches Book 1: a bumper word search book for adults containing 300 puzzles (Richardson Puzzle Books),Richardson Puzzles and Games,Paperback,,,,4.6,455,,,1913602060
UK,Quiz questions,27,Murdle Junior: Curious Crimes for Curious Minds: From the SUNDAY TIMES BESTSELLING SERIES,G. T. Karber,Paperback,,,USD 10.27,4.6,599,,,1805223755
UK,Quiz questions,28,The Telegraph Cryptic Crosswords 16: A new edition of 100 cryptic crosswords (The Telegraph Puzzle Books),Telegraph Media Group Ltd,Paperback,,,USD 10.80,4.7,19,,,1788406850
UK,Quiz questions,29,"The Complete Pub Quiz Book 2026: 1,000 Trivia Questions & Answers with 20 Ready-Made Rounds for Quiz Nights, Parties & Family Games",Tom Radley,Paperback,,,USD 13.26,5.0,10,,,B0H1HTM442
UK,Quiz questions,30,The Times Quick Cryptic Crossword book 1,. The Times Mind Games,Paperback,,,,4.6,446,,,0008139814
UK,Humour: sports,1,"Joe Marler vs The World: He’s Clinging On For Dear Life, A Must-Read for 2026",Joe Marler,Hardcover,HarperCollins,no,USD 14.58,,,352,24 Sept. 2026,0008839689
UK,Humour: sports,2,Diary of a Wimpy Kid: Big Shot (Book 16): A hilariously hopeless season of sports fails and underdog dreams from the #1 international bestselling Diary of a Wimpy Kid series,Jeff Kinney,Paperback,Puffin,no,USD 5.96,4.7,14316,240,19 Jan. 2023,0241396980
UK,Humour: sports,3,"Football School: The Greatest Ever Quiz Book: The perfect book for football fans age 7+ with over 300 funny and fascinating questions, from the bestselling series",Alex Bellos,Paperback,Walker Books,no,USD 5.57,4.6,104,176,2 Jun. 2022,1529506840
UK,Humour: sports,4,Owning It: A deeply personal football memoir from former Newcastle United and West Ham striker Andy Carroll,Andy Carroll,Hardcover,Macmillan,no,USD 21.06,4.4,3,288,24 Sept. 2026,1037415809
UK,Humour: sports,5,Riders: The steamy romance and prequel to Rivals from the Sunday Times bestselling author (Rutshire Chronicles Book 1),Jilly Cooper,Kindle Edition,,,USD 7.94,4.4,5586,929,23 Dec. 2010,B004H1TU9U
UK,Humour: sports,6,"The Two-Body Problem: reunite with Olive and Adam in this much-awaited sequel to the Sunday Times bestseller and original Prime movie, The Love Hypothesis",Ali Hazelwood,Hardcover,Sphere,no,USD 26.51,,,432,2 Feb. 2027,1408738902
UK,Humour: sports,7,"The Dinosaur that Pooped A Football: The laugh-out-loud read, perfect for football fans (big and small!)",Tom Fletcher,Paperback,Puffin,no,,4.8,56,26,7 May 2026,0241649293
UK,Humour: sports,8,"The Beast Beyond the Fence: A fun-filled spooky adventure by international footballer Marcus Rashford!: 1 (The Breakfast Club Adventures, 1)",Marcus Rashford,Paperback,Macmillan Children's Books,no,USD 8.95,4.6,1583,272,26 May 2022,1529076625
UK,Humour: sports,9,Fake Skating: From the no. 1 bestselling author of Better than the Movies,Lynn Painter,Paperback,Simon & Schuster Children's UK,no,USD 9.93,4.5,7058,448,30 Sept. 2025,1398537861
UK,Humour: sports,10,"Fangirl Down: A Spicy Sports Rom-Com with a Touch of Adventure, Get Ready to Sweat (Big Shots Book 1)",Tessa Bailey,Kindle Edition,,,USD 3.96,4.2,13259,380,13 Feb. 2024,B0C4LHVJ82
UK,Humour: sports,11,AMAZING FOOTBALL FACTS EVERY 7 YEAR OLD NEEDS TO KNOW: A hilarious new illustrated footie trivia book packed with facts for 2025! (Amazing Facts Every Kid Needs to Know),Clive Gifford,Paperback,Miles Kelly,no,USD 6.61,4.6,73,96,8 Jun. 2023,0008615748
UK,Humour: sports,12,"The Football School Encyclopedia: Kick off the football season with the ULTIMATE gift book for 7, 8, 9, 10, 11 - boost your football knowledge with fascinating facts",Alex Bellos,Hardcover,,,USD 16.11,4.6,318,,,1529507588
UK,Humour: sports,13,"Over the Boundary & Under the Covers: A season of cricket, chaos, committee, characters and comical events at a northern cricket club...",Nigel G Howard,Paperback,Independently published,yes,USD 15.89,4.2,355,199,30 Jun. 2024,B0D8GZL8C1
UK,Humour: sports,14,One Night with Number Nineteen (Grizzlies Hockey Book 4),Elise Faber,Kindle Edition,,,USD 7.94,4.4,11,,,B0G3YBCQZ6
UK,Humour: sports,15,"Rivals: The steamy romance from the Sunday Times bestseller, now the hottest series on TV [cover may vary] (Rutshire Chronicles Book 2)",Jilly Cooper OBE,Paperback,,,USD 7.29,4.5,6274,,,1804994227
UK,Humour: sports,16,I Got You: A Grumpy Sunshine Sports Romance (The Abandoned Brothers Book 1),Stacy Williams,Kindle Edition,,,USD 4.92,4.4,3998,,,B0CH3ZN83Y
UK,Humour: sports,17,"The Ultimate Book of Random Fun Facts: Over 1000 Interesting Facts And Trivia Quizzes About History, Science, Sports, Animals, Space and Anything In Between!",Bill O'Neill,Paperback,LAK Publishing,yes,USD 12.18,4.6,2411,198,5 July 2024,1648451233
UK,Humour: sports,18,"Football School Star Players: Kick off the new season with funny stories about 50 favourite footballers, including Kane, Messi and Salah, for fans age 7, 8, 9, 10",Alex Bellos,Paperback,,,USD 9.40,4.6,1461,,,1406386413
UK,Humour: sports,19,Test Match Special: Tall Tales – The Good The Bad and The Hilarious from the Commentary Box,Jonathan Agnew,Paperback,,,USD 14.57,4.4,636,,,1785947788
UK,Humour: sports,20,"The Movie Monster: A seriously spooky adventure by footballer Marcus Rashford!: 7 (The Breakfast Club Adventures, 7)",Marcus Rashford,Paperback,,,USD 5.61,4.8,92,,,1035082071
UK,Humour: sports,21,Diddly Squat: The No 1 Sunday Times Bestseller,Jeremy Clarkson,Kindle Edition,,,USD 7.94,4.6,12147,,,B08T5T83VJ
UK,Humour: sports,22,"Are You a Running W*nker?: New for 2026, the frank and hilarious must-read for runners everywhere",Alison Stankard,Hardcover,,,USD 18.81,4.6,105,,,0008826706
UK,Humour: sports,23,"The Ultimate Book of Trivia for 70 Year Old Men: A Unique 70th Birthday Experience to Spark Meaningful Memories With Fun Quizzes on Sports, Cars, Movies, TV & Tech From 1950-1980",Colin Carter,Paperback,,,USD 10.59,3.8,23,,,B0GWF7F774
UK,Humour: sports,24,Amazing Football Facts Every 6 Year Old Needs to Know: A hilarious new illustrated footie trivia book packed with facts for 2025! (Amazing Facts Every Kid Needs to Know),Caroline Rowlands,Paperback,,,USD 6.28,4.7,36,,,0008648298
UK,Humour: sports,25,"The Goblin's Revenge: A Fun-Filled Mystery Adventure by International Footballer Marcus Rashford! (The Breakfast Club Adventures, 6)",Marcus Rashford,Paperback,,,USD 6.63,4.8,117,,,1035062291
UK,Humour: sports,26,"The Ghoul in the School: A Fantastically Spooky Mystery by International Footballer Marcus Rashford!: 2 (The Breakfast Club Adventures, 2)",Marcus Rashford,Paperback,,,USD 8.95,4.7,606,,,1529076668
UK,Humour: sports,27,Big Nate: In Your Face!,Lincoln Peirce,Kindle Edition,,,USD 10.06,4.7,5453,,,B08T1HQ8NJ
UK,Humour: sports,28,"The Treasure Hunt Monster: A Brilliantly Spooky Mystery by International Footballer Marcus Rashford!: 4 (The Breakfast Club Adventures, 4)",Marcus Rashford,Paperback,,,USD 6.30,4.8,278,,,1035025574
UK,Humour: sports,29,The Best of Matt 2026,Matt Pritchett,Paperback,,,USD 12.58,,,,,1399635174
UK,Humour: sports,30,Big Nate: Game On!,Lincoln Peirce,Kindle Edition,,,USD 4.63,4.6,3707,,,B00C13OVCC
UK,Kids Christmas,1,One Christmas Eve: A brand-new picture book about Percy the Park Keeper for 2026. The perfect Christmas gift for toddlers and kids aged 3+,Nick Butterworth,Hardcover,,,£6.49,,,,,0008765944
UK,Kids Christmas,2,Lottie Brooks’s Twelve Disasters of Christmas: Twelve festive short stories from the mega-bestselling author of the Lottie Brooks series: 12,Katie Kirby,Hardcover,,,£7.49,,,,,0241769418
UK,Kids Christmas,3,The Completely Chaotic Christmas of Lottie Brooks: Cover and edition content received with your order may vary: 5,Katie Kirby,Paperback,Puffin,no,£5.00,4.8,3377,288,24 Oct. 2024,0241679168
UK,Kids Christmas,4,A Christmas Carol: the complete original text (Scholastic Classics),Charles Dickens,Paperback,,,£5.60,4.6,1632,,,1407143646
UK,Kids Christmas,5,The Gruffalo and Friends Advent Calendar Book Collection: The perfect festive activity book advent calendar for children!,Julia Donaldson,Hardcover,,,£15.74,4.6,1462,,,1035064510
UK,Kids Christmas,6,Diary of a Wimpy Kid: The Getaway (Book 12): A hilarious family holiday story from the #1 international bestselling Diary of a Wimpy Kid series,Jeff Kinney,Paperback,,,£3.99,4.7,29819,,,0141385251
UK,Kids Christmas,7,"Five-Minute Christmas Stories: Over 25 Christmas stories by bestselling author, Enid Blyton. Perfect for bedtime – or anytime! (Bumper Short Story Collections)",Enid Blyton,Paperback,,,£3.99,,,,,1444981455
UK,Kids Christmas,8,"Squirrel's Snowman: A rhyming lift-the-flap winter story – the perfect Christmas gift for kids!: 6 (Tales From Acorn Wood, 6)",Julia Donaldson,Board book,,,£5.00,4.8,2915,,,152903437X
UK,Kids Christmas,9,The Gruffalo's Child: The rhyming sequel to much-loved modern classic The Gruffalo,Julia Donaldson,Board book,,,£6.95,4.9,12812,,,1509830405
UK,Kids Christmas,10,"The Jolly Christmas Postman: The magical, interactive Christmas classic (The Jolly Postman)",Allan Ahlberg,Hardcover,,,£11.44,4.9,6724,,,0141340118
UK,Kids Christmas,11,The Dinosaur that Pooped a Zoo!,Tom Fletcher,Paperback,,,£4.97,4.8,1841,,,0241649285
UK,Kids Christmas,12,A Christmas Carol (Collins Classics),Charles Dickens,Paperback,,,£2.50,4.6,41746,,,0007350864
UK,Kids Christmas,13,Diary of a Wimpy Kid: Cabin Fever (Book 6): A laugh-out-loud story of holiday havoc from the #1 international bestselling Diary of a Wimpy Kid series,Jeff Kinney,Paperback,,,£5.99,4.6,21421,,,0141343001
UK,Kids Christmas,14,That's not my robin...: 1,Fiona Watt,Board book,,,£4.00,4.9,877,,,1474980481
UK,Kids Christmas,15,You Choose Christmas: A new story every time – what will YOU choose?: 5,Pippa Goodhart,Paperback,,,£7.75,4.8,343,,,0141378964
UK,Kids Christmas,16,"Little People, BIG DREAMS: Advent Calendar Book Collection: 2026 Edition",Maria Isabel Sanchez Vegara,Hardcover,,,£18.15,4.6,221,,,1805704664
UK,Kids Christmas,17,Sticker Dolly Dressing Cosy Christmas: A Holiday Sticker Activity Book for Kids to help Celebrate Winter Festivities,Kimberley Kinloch,Paperback,,,£5.99,,,,,1836048009
UK,Kids Christmas,18,What the Ladybird Heard at Christmas: A laugh-out-loud rhyming adventure – the perfect festive gift!,Julia Donaldson,Paperback,,,£7.19,4.8,1482,,,1529087082
UK,Kids Christmas,19,Dear Santa,Rod Campbell,Board book,,,£6.95,4.8,3585,,,1529050715
UK,Kids Christmas,20,The Christmasaurus and the Night Before Christmas: A heartwarming festive picture book (The Christmasaurus Picture Book),Tom Fletcher,Paperback,,,£5.00,4.8,481,,,0241591112
UK,Kids Christmas,21,Stick Man,Julia Donaldson,Audible Audiobook,,,£4.19,4.9,15768,,,B00JPZQJY2
UK,Kids Christmas,22,"Paddington and the Christmas Surprise: A funny illustrated Christmas picture book about the classic bear from Peru, perfect for toddlers and kids aged 3+",Michael Bond,Paperback,,,£5.00,4.7,776,,,0007257732
UK,Kids Christmas,23,"The 156-Storey Treehouse: Festive Frolics and Sneaky Snowmen, the perfect read at Christmas!: 12 (The Treehouse Series, 12)",Andy Griffiths,Paperback,,,£6.95,4.8,1352,,,1529088682
UK,Kids Christmas,24,The Christmasaurus,Tom Fletcher,Paperback,,,£7.99,4.8,8352,,,0141373342
UK,Kids Christmas,25,Mr. Christmas: The Perfect Christmas Stocking Filler from the Brilliantly Funny Classic Children’s Illustrated Series (Mr. Men & Little Miss Celebrations),Roger Hargreaves,Paperback,,,£3.79,4.8,211,,,1405279516
UK,Kids Christmas,26,Sticker Dolly Dressing The Nutcracker,Fiona Watt,Paperback,,,£5.00,4.9,188,,,1803707763
UK,Kids Christmas,27,The Dog Who Saved Christmas: A festive family blockbuster from million-copy bestselling storyteller Ben Miller,Ben Miller,Hardcover,,,£7.49,,,,,1398515957
UK,Kids Christmas,28,Peppa Pig: Advent Book Collection,Peppa Pig,Paperback,,,£14.16,4.8,3016,,,0241533961
UK,Kids Christmas,29,Secret Santa: A hilarious festive adventure from the bestselling authors of The Twits Next Door,Greg James,Hardcover,,,£12.09,,,,,024180129X
UK,Kids Christmas,30,The Dinosaur that Pooped a Reindeer!: A festive lift-the-flap adventure,Tom Fletcher,Paperback,,,£7.59,4.8,761,,,0241649072
UK,Kids short story collections,1,Five-Minute Stories for 1 Year Olds (Bedtime Story Collection),Igloo Books Ltd,Hardcover,,,£5.64,4.6,515,,,1803680369
UK,Kids short story collections,2,Five-Minute Stories for 2 Year Olds (Bedtime Story Collection),Igloo Books Ltd,Hardcover,,,£5.17,4.6,538,,,1803680377
UK,Kids short story collections,3,"Rowley Jefferson’s Awesome Friendly Spooky Stories 2: FROM THE HILARIOUS WORLD OF WIMPY KID: 4 (The Awesome Friendly Kid Series, 4)",Jeff Kinney,Hardcover,,,£7.49,4.5,333,,,0241820863
UK,Kids short story collections,4,"Rowley Jefferson's Awesome Friendly Spooky Stories: FROM THE HILARIOUS WORLD OF WIMPY KID: 3 (The Awesome Friendly Kid Series, 3)",Jeff Kinney,Paperback,,,£3.99,4.6,11242,,,0241530415
UK,Kids short story collections,5,Marvel Avengers: Adventure Library: 10 super stories inside a keepsake box (Story Library),Marvel Entertainment International Ltd,Paperback,,,£6.80,4.4,209,,,1837950660
UK,Kids short story collections,6,The Wonky Donkey,Craig Smith,Paperback,,,£6.99,4.8,80905,,,1407195573
UK,Kids short story collections,7,Jokes for 7 Year Olds: Awesome Jokes for 7 Year Olds : Birthday - Christmas Gifts for 7 Year Olds (Funny Jokes for Kids Age 5-12),Linda Summers,Paperback,Lion and Mane Press,yes,£3.99,4.5,2285,51,13 Nov. 2019,1913485048
UK,Kids short story collections,8,"Five-Minute Christmas Stories: Over 25 Christmas stories by bestselling author, Enid Blyton. Perfect for bedtime – or anytime! (Bumper Short Story Collections)",Enid Blyton,Paperback,,,£3.99,,,,,1444981455
UK,Kids short story collections,9,Stories for Seven-Year-Olds,Enid Blyton,Paperback,,,£5.96,4.6,219,,,1444977644
UK,Kids short story collections,10,Five-Minute Stories for 3 Year Olds (Bedtime Story Collection),Igloo Books Ltd,Hardcover,,,£4.94,4.6,396,,,1803680342
UK,Kids short story collections,11,Stories for Bedtime (Bumper Short Story Collections),Enid Blyton,Paperback,,,£4.50,4.7,536,,,1444965204
UK,Kids short story collections,12,"Paw Patrol Pocket Library: Six illustrated story mini board books for children aged 1, 2, 3, 4 based on the Nickelodeon TV Series",Paw Patrol,Board book,,,£6.64,4.6,1326,,,0755502728
UK,Kids short story collections,13,"Julia Donaldson’s Book of Bedtime Stories: Five fun-filled short children’s bedtime stories by bestselling author of The Gruffalo, Julia Donaldson. New for 2026!",Julia Donaldson,Paperback,,,£7.49,4.3,13,,,0008826757
UK,Kids short story collections,14,Five-Minute Stories for 4 Year Olds (Bedtime Story Collection),Igloo Books Ltd,Hardcover,,,£5.64,4.6,239,48,,1803680385
UK,Kids short story collections,15,Paddington’s Suitcase: Eight funny Paddington Bear picture books for children in a gift-set carry case!,Michael Bond,Paperback,,,£13.69,4.8,3788,,,0007251947
UK,Kids short story collections,16,Collection of 8 Nature Stories (Children's Illustrated Picture Flats),Igloo Books Ltd,Paperback,,,£13.60,4.8,218,,,1837958564
UK,Kids short story collections,17,"A Christmas Carol (Wordsworth Classics), Cover May Vary",Charles Dickens,Paperback,,,£4.74,4.6,6328,,,1840227567
UK,Kids short story collections,18,Five-Minute Stories: 30 stories (Bumper Short Story Collections),Enid Blyton,Paperback,,,£6.45,4.6,1138,,,1444969218
UK,Kids short story collections,19,Stories for Six-Year-Olds,Enid Blyton,Paperback,,,£6.64,4.7,193,,,1444977628
UK,Kids short story collections,20,A Treasury of Tales for Four-Year-Olds: 40 Stories Recommended by Literacy Experts,Gabby Dawnay,Hardcover,,,£9.56,4.6,150,,,0711266417
UK,Kids short story collections,21,Mr. Men My Complete Collection: The Brilliantly Funny Classic Children’s illustrated Series,Roger Hargreaves,Paperback,,,£103.17,4.9,3928,,,075550187X
UK,Kids short story collections,22,Disney: Bedtime Stories (Treasury of Classic Tales),Walt Disney,Hardcover,,,£16.09,4.7,291,,,1837959080
UK,Kids short story collections,23,Little Miss: My Complete Collection Box Set: The Brilliantly Funny Classic Children’s illustrated Series,Roger Hargreaves,Paperback,,,£35.00,4.9,2645,,,0755501888
UK,Kids short story collections,24,Marvel Spidey and his Amazing Friends: Golden Tales (Two Wonderful Stories in One Amazing Book!),Marvel Entertainment International Ltd,Hardcover,,,£6.35,4.8,160,,,1837959226
UK,Kids short story collections,25,"You Are 9 And Amazing! Inspiring Stories For 9 Year Old Girls: 15 Motivating Tales of Confidence, Friendship, Compassion and Creativity (You Are Amazing!)",Mary Allan,Paperback,,,£12.43,4.8,521,,,1965857027
UK,Kids short story collections,26,Mr. Men Little Miss Advent Calendar: Storybook collection containing 24 funny illustrated kids books to count down to Christmas 2026. The perfect gift for kids aged 2 and up,Adam Hargreaves,Novelty Book,,,£16.49,3.0,1,,,0008787093
UK,Kids short story collections,27,"Stories for 5 Year Olds: A classic collection of tales including Paddington, Cinderella and Brambly Hedge: the perfect children’s gift",Julia Eccleshare,Paperback,,,£3.00,4.4,47,,,000852467X
UK,Kids short story collections,28,The Wonderful World of Dr. Seuss: A classic collection of illustrated stories from award-winning Dr.Seuss – the perfect gift for kids and adults alike!,Dr. Seuss,Hardcover,,,£79.70,4.6,811,,,0008587760
UK,Kids short story collections,29,Agatha Oddly Series 3 Books Collection,Lena Jones,Paperback,,,,4.7,538,,,0007985967
UK,Kids short story collections,30,Mr. Men Little Miss: Halloween Party: The perfect children’s gift for Halloween (Mr. Men & Little Miss Celebrations),Adam Hargreaves,Paperback,,,£4.35,4.7,462,,,1405281693
UK,Kids colouring,1,"Disney Princess: Epic Colouring: Over 60 pages of creative colouring activities, ideal for ages 4 and up!",Walt Disney,Paperback,Autumn,no,USD 2.33,4.6,149,64,28 Feb. 2025,1835442641
UK,Kids colouring,2,Pokémon: How to Draw: The official guide to drawing Pokémon. The perfect creative gift for fans of Pikachu and friends,Pokémon,Paperback,Farshore,no,USD 6.63,4.7,847,128,8 Jun. 2023,0008547602
UK,Kids colouring,3,Ultimate Football Heroes Colouring Book: the perfect gift for fans of the beautiful game!,Ultimate Football Heroes,Paperback,Dino Books,no,USD 3.31,4.6,843,80,1 Sept. 2022,1800784015
UK,Kids colouring,4,The Gruffalo Magic Painting Book: Just add water for mess-free fun!,Julia Donaldson,Board book,Macmillan Children's Books,no,USD 6.72,4.5,231,12,19 Jun. 2025,1035048132
UK,Kids colouring,5,Disney: My First Big Colouring Book,Walt Disney,Paperback,Autumn,no,USD 2.65,4.7,136,88,9 Nov. 2023,1837714134
UK,Kids colouring,6,"Farm Magic Painting: Just add water for mess-free fun! (Campbell Magic Painting, 1)",Campbell Books,Board book,Campbell Books,no,USD 6.75,4.7,196,12,8 May 2025,1035053004
UK,Kids colouring,7,Disney Princess: The Ultimate Colouring Book,Walt Disney,Paperback,Autumn,no,USD 3.58,4.6,3434,72,21 Feb. 2022,1801081530
UK,Kids colouring,8,Disney Winnie the Pooh: A Cute and Cosy Colouring Book,The Walt Disney Company Ltd,Paperback,Studio Press,no,USD 5.82,4.7,492,88,20 Nov. 2025,1835874371
UK,Kids colouring,9,Ultimate Football Heroes: Team Kit Designer Colouring Book: Ultimate Football Heroes – Create and colour your dream football team,Studio Press,Paperback,Dino Books,no,USD 3.98,4.6,239,80,17 July 2025,1789469104
UK,Kids colouring,10,Disney Classics: Cosy Colouring,Autumn Publishing,Paperback,Autumn,no,USD 2.65,4.6,81,48,12 Feb. 2026,1805851896
UK,Kids colouring,11,Marvel Avengers: The Ultimate Colouring Book,Marvel Entertainment International Ltd,Paperback,Autumn,no,USD 3.49,4.6,1172,72,21 Feb. 2022,1801081549
UK,Kids colouring,12,The Unofficial K-Pop Demon Hunters Activity Book,Lila Violet,Paperback,Arcade,no,USD 5.29,4.6,209,48,4 Dec. 2025,1398559555
UK,Kids colouring,13,Room on the Broom Magic Painting: Just add water for mess-free fun at Halloween!,Julia Donaldson,Board book,Macmillan Children's Books,no,USD 6.72,3.8,7,12,27 Aug. 2026,1035078309
UK,Kids colouring,14,Disney Stitch: The Ultimate Colouring Book,Walt Disney,Paperback,Autumn,no,USD 3.00,4.6,1101,72,29 Feb. 2024,1837950326
UK,Kids colouring,15,"Marvel Spider-Man: Epic Colouring: Over 60 pages of creative colouring activities, ideal for ages 4 and up!",Marvel Entertainment International Ltd,Paperback,Autumn,no,USD 2.52,4.6,109,64,28 Feb. 2025,1835442633
UK,Kids colouring,16,Disney Princess: Super Stickers (With over 150 stickers!),Walt Disney,Paperback,Autumn,no,USD 2.45,4.2,32,32,10 April 2025,1835440746
UK,Kids colouring,17,Tales from Acorn Wood Magic Painting: Just add water for mess-free fun!,Julia Donaldson,Board book,Macmillan Children's Books,no,USD 6.14,4.4,24,12,2 July 2026,103507608X
UK,Kids colouring,18,Mystery Colouring - Classics: Reveal iconic Disney characters with colour by number,Jerémy Mariez,Paperback,Hachette Heroes,no,USD 9.37,4.8,228,128,10 April 2025,2017276340
UK,Kids colouring,19,Large Print Colour & Frame - Calm: 31 Relaxing Colouring Pages to Enjoy (Richardson Colouring Books),Richardson Puzzles and Games,Paperback,Richardson Publishing,no,USD 3.86,4.5,862,64,30 Mar. 2023,1913602370
UK,Kids colouring,20,Disney Tim Burton's The Nightmare Before Christmas: A Cute and Cosy Colouring Book,The Walt Disney Company Ltd,Paperback,Studio Press,no,USD 7.50,,,88,24 Sept. 2026,1835878318
UK,Kids colouring,21,Big Book of Colouring for Girls: Children Ages 4+ (Big Books of Colouring (Ages 4+)),FairyWren Publishing,Paperback,,,USD 7.91,4.7,1529,,,1915454255
UK,Kids colouring,22,Marvel Spider-Man: Giant Colour-Me Pad,Marvel Entertainment International Ltd,Paperback,,,USD 3.98,4.8,318,,,1801082448
UK,Kids colouring,23,Big Book of Colouring: Animals: For Children Ages 4+ (Big Books of Colouring (Ages 4+)),FairyWren Publishing,Paperback,,,USD 9.27,4.6,1946,,,191545428X
UK,Kids colouring,24,Disney Stitch: A Cute and Cosy Colouring Book,The Walt Disney Company Ltd,Paperback,,,USD 5.73,4.7,266,,,1835874363
UK,Kids colouring,25,Mystery Colouring - Princesses: Reveal iconic Disney characters with colour by number,Jerémy Mariez,Paperback,,,USD 9.37,4.7,296,,,2017276316
UK,Kids colouring,26,Disney Hocus Pocus Colouring Book: colour your way through Salem with the Sanderson sisters,The Walt Disney Company Ltd,Paperback,,,USD 5.17,4.7,757,,,1800783132
UK,Kids colouring,27,First Sticker Zoo (Usborne First Sticker Books): 1,Sam Taplin,Paperback,,,USD 7.54,4.7,1688,,,1409523136
UK,Kids colouring,28,Big Book of Colouring for Girls: For Children Ages 4+ (Big Books of Colouring (Ages 4+)),FairyWren Publishing,Paperback,,,USD 7.89,4.6,289,,,1915454298
UK,Kids colouring,29,"Simple & Big Coloring Book for Toddler: 100 Easy And Fun Coloring Pages For Kids, Preschool and Kindergarten",Coloring Book Kim,Paperback,,,USD 7.94,4.7,7731,,,B0915M5XXT
UK,Kids colouring,30,Disney Classics: Giant Colour-Me Pad,Walt Disney,Paperback,,,USD 3.98,4.9,39,,,1837713545
UK,Puzzles & quizzes,1,"The Killer Isn't Alice: The Bestselling Interactive Murder Mystery Puzzle Book - 46,600 Suspects, 1 Killer. Can You Solve the Crime?",Iris Starling,Paperback,Century,no,USD 9.93,4.5,1819,224,1 Sept. 2026,1807845826
UK,Puzzles & quizzes,2,Murdoku: 80 Murder Mystery Logic Puzzles: Volume 1 – The Perfect Gift for Puzzlers and Cosy Crime Fans!,M. Garand,Paperback,Penguin,no,USD 11.25,4.7,642,208,30 Oct. 2025,1405985453
UK,Puzzles & quizzes,3,Where's Spidey?: A Marvel Spider-Man Search & Find Book,Marvel Entertainment International Ltd,Paperback,Studio Press,no,USD 3.98,4.6,6084,40,6 Jan. 2022,1800783019
UK,Puzzles & quizzes,4,Murdle: #1 SUNDAY TIMES BESTSELLER: Solve 100 Devilishly Devious Murder Mystery Logic Puzzles (Book 1) (Murdle Puzzle Series),G. T. Karber,Paperback,Souvenir Press,no,USD 9.93,4.5,3163,384,22 Jun. 2023,1800818025
UK,Puzzles & quizzes,5,Would you rather? World: A fun-filled family game book (National Geographic Kids),National Geographic Kids,Paperback,Collins,no,USD 3.98,4.6,273,104,2 Mar. 2023,0008554390
UK,Puzzles & quizzes,6,The Book For Men Who Have Everything: Unusual Knowledge and Boredom Busters for Intelligent Men,IQ Street,Paperback,Curious Press,yes,USD 8.51,4.5,1370,201,9 Oct. 2025,B0FVKQH4KS
UK,Puzzles & quizzes,7,The 1% Club Book 1: THE BESTSELLING QUIZ BOOK - the perfect gift for all quiz and puzzle fans,BBC Studios,Paperback,Bantam,no,USD 9.93,4.6,2088,352,7 Nov. 2024,0857506412
UK,Puzzles & quizzes,8,Would you rather? Animals: A fun-filled family game book (National Geographic Kids),National Geographic Kids,Paperback,Collins,no,USD 5.30,4.7,606,104,3 Mar. 2022,0008503354
UK,Puzzles & quizzes,9,Will Holding in a Fart Make You Explode: Quirky Questions and Intriguing Answers for Teens,Lauren Clearwell,Paperback,Upgraded Publishing,yes,USD 13.23,4.4,105,128,10 May 2025,1923108743
UK,Puzzles & quizzes,10,Murdoku Volume 2: Back In Time: 80 MORE Murder Mystery Logic Puzzles - Colourful Brain Teasers for Puzzle Lovers and Cosy Crime Fans!,M. Garand,Paperback,Penguin,no,USD 11.25,4.8,568,224,25 Jun. 2026,1405995882
UK,Puzzles & quizzes,11,1000+ Sudoku Puzzles for Adults: A Book With More Than 1000 Sudoku Puzzles from Easy to Hard for adults.,Nova Publishing XR,Paperback,Independently published,yes,,4.5,5754,117,5 July 2021,B098WHPB3D
UK,Puzzles & quizzes,12,"Interesting Facts For Curious Minds: 1572 Random But Mind-Blowing Facts About History, Science, Pop Culture And Everything In Between",Jordan Moore,Paperback,Red Panda Press,yes,USD 13.24,4.4,16190,196,18 July 2022,B0B6XFT4RH
UK,Puzzles & quizzes,13,"Would You Rather Game Book: For Kids 6-12 Years Old: The Book of Silly Scenarios, Challenging Choices, and Hilarious Situations the Whole Family Will Love (Game Book Gift Ideas)",Riddleland,Paperback,Independently published,yes,USD 13.24,4.5,6599,113,10 Oct. 2019,1687795347
UK,Puzzles & quizzes,14,Big Book of Brain Games: a bumper mixed puzzle book for adults containing 300 puzzles (Richardson Puzzle Books),Richardson Puzzles and Games,Paperback,Richardson Publishing,no,,4.4,289,352,6 Jun. 2024,1913602311
UK,Puzzles & quizzes,15,Ripley’s Believe It or Not! 2027,Ripley,Hardcover,Century,no,USD 14.58,4.0,1,256,10 Sept. 2026,1529991609
UK,Puzzles & quizzes,16,"The Memory Lane Quiz Book (Large Print): A Gift Book of British Nostalgia & Trivia: Fun Quizzes, Classic Memories & Thought-Provoking Prompts About ... Britain (Great British Quiz Collection)",PuzzlePlayPress,Paperback,Eight15 Limited,no,USD 13.52,4.6,208,127,22 Jun. 2025,1915611326
UK,Puzzles & quizzes,17,OMG I'm So Bored ! The Activity Book for Teens: 100 Games for 12-17 years old | Sudoku - Word Search - Mazes - Mandalas | Hours of Fun for Boys & Girls,La Bibli des Ados,Paperback,Independently published,yes,,4.4,1922,109,28 April 2021,B093RWX7XP
UK,Puzzles & quizzes,18,"Minute Cryptic: THE INSTANT SUNDAY TIMES BESTSELLER: Over 160 Wordplay Puzzles to Decipher, Unlock and Untangle",Angas Tiernan,Paperback,Ebury Press,no,USD 18.01,4.8,282,352,4 Sept. 2025,1529958377
UK,Puzzles & quizzes,19,The Killer Never Checked In: Find the Killer Among 3000 Guest Records & 24 Clues -- Murder Mystery Crime Puzzle Book for Adults & Teens,KRW Media Publishing,Paperback,Independently published,yes,USD 7.95,4.0,61,178,2 July 2026,B0H7FCXP4V
UK,Puzzles & quizzes,20,Rare and Unusual Knowledge: Extraordinary Facts About Everyday Things (Facts and Knowledge),Daniel Bulmez,Paperback,Independently published,yes,USD 13.24,4.4,730,194,17 Nov. 2024,B0DNCTFWLZ
UK,Puzzles & quizzes,21,"Cluedo Book of Puzzles: The official gift book for fans of the classic, iconic murder mystery game!",Hasbro,Paperback,,,USD 5.30,4.7,120,,,0008666547
UK,Puzzles & quizzes,22,"Murder Mystery Advent Calendar: The Killer Checked In | 9,600 Guests. 24 Clues. One Killer. An Interactive Christmas Mystery Game for Adults",M. L. Winterquill,Paperback,,,USD 10.59,5.0,8,,,B0HHNGZW8S
UK,Puzzles & quizzes,23,Big Book of Quick Crosswords Book 1 NEW EDITION: a bumper crossword book for adults containing 300 ALL NEW puzzles,Richardson Puzzles and Games,Paperback,,,USD 5.29,4.8,9,,,1913602729
UK,Puzzles & quizzes,24,"100+ Mixed Logic Puzzles: Word Search, Crossword, Kriss Kross, Codeword, Sudoku and Maze for Healthy Brain with Bonus on The Last Page (Puzzle books)",Brainstorming Master,Paperback,,,USD 5.29,3.9,789,,,B098GSRLFJ
UK,Puzzles & quizzes,25,"The Killer Isn't June: A 20,500-Suspect Murder Mystery Logic Puzzle - 20 Clues, One Killer, Can You Find Them?",June Brittany,Paperback,,,USD 17.01,3.3,5,,,940394028X
UK,Puzzles & quizzes,26,Mental Maths Quick Quizzes Ages 7-9: Ideal for home learning (Collins Easy Learning KS2),Collins Easy Learning,Paperback,,,USD 5.02,4.7,1545,,,0008212597
UK,Puzzles & quizzes,27,"Logic Workbook for Gritty Kids: Spatial reasoning, math puzzles, word games, logic problems, activities, two-player games. (The Gritty Little Lamb ... & STEM skills in kids ages 6, 7, 8, 9, 10.)",Dan Allbaugh,Paperback,,,,4.5,2262,,,1735770833
UK,Puzzles & quizzes,28,Big Book of Su Doku Book 1: a bumper sudoku book for adults containing 300 puzzles (Richardson Puzzle Books),Richardson Puzzles and Games,Paperback,,,,4.6,278,,,1913602117
UK,Puzzles & quizzes,29,The Murder Mystery Club Puzzle Book: Murder in the Village: Over 70 Killer Conundrums. One Case to Solve,Gareth Moore,Paperback,,,,4.4,221,,,1789296838
UK,Puzzles & quizzes,30,"Kill Grid Volume 1 | Murder Mystery Word Search: 120 Connected Detective Crime Cases for Adults & Teens | Follow the Clues, Unmask the Killer | Whodunit Word Find Puzzle Book, Gift for Mystery Lovers",Hazel Woods,Paperback,,,USD 13.24,4.5,20,,,B0H7S181HY
UK,Trivia,1,Would you rather? World: A fun-filled family game book (National Geographic Kids),National Geographic Kids,Paperback,Collins,no,USD 3.98,4.6,273,104,2 Mar. 2023,0008554390
UK,Trivia,2,The Book For Men Who Have Everything: Unusual Knowledge and Boredom Busters for Intelligent Men,IQ Street,Paperback,Curious Press,yes,USD 8.51,4.5,1370,201,9 Oct. 2025,B0FVKQH4KS
UK,Trivia,3,The 1% Club Book 1: THE BESTSELLING QUIZ BOOK - the perfect gift for all quiz and puzzle fans,BBC Studios,Paperback,Bantam,no,USD 9.93,4.6,2088,352,7 Nov. 2024,0857506412
UK,Trivia,4,Will Holding in a Fart Make You Explode: Quirky Questions and Intriguing Answers for Teens,Lauren Clearwell,Paperback,Upgraded Publishing,yes,USD 13.23,4.4,105,128,10 May 2025,1923108743
UK,Trivia,5,"Interesting Facts For Curious Minds: 1572 Random But Mind-Blowing Facts About History, Science, Pop Culture And Everything In Between",Jordan Moore,Paperback,Red Panda Press,yes,USD 13.24,4.4,16190,196,18 July 2022,B0B6XFT4RH
UK,Trivia,6,"Would You Rather Game Book: For Kids 6-12 Years Old: The Book of Silly Scenarios, Challenging Choices, and Hilarious Situations the Whole Family Will Love (Game Book Gift Ideas)",Riddleland,Paperback,Independently published,yes,USD 13.24,4.5,6599,113,10 Oct. 2019,1687795347
UK,Trivia,7,Rare and Unusual Knowledge: Extraordinary Facts About Everyday Things (Facts and Knowledge),Daniel Bulmez,Paperback,Independently published,yes,USD 13.24,4.4,730,194,17 Nov. 2024,B0DNCTFWLZ
UK,Trivia,8,"Cluedo Book of Puzzles: The official gift book for fans of the classic, iconic murder mystery game!",Hasbro,Paperback,Expanse,no,USD 5.30,4.7,120,224,8 May 2025,0008666547
UK,Trivia,9,The Times Quick Crossword Book 30: 100 General Knowledge Puzzles (The Times Crosswords),The Times Mind Games,Paperback,Times Books,no,USD 10.06,4.6,43,240,15 Jan. 2026,0008748829
UK,Trivia,10,"The 1% Club Book 2: The bestselling quiz book for everyone, the perfect gift from the hit TV show",BBC Studios,Paperback,Bantam,no,USD 9.93,4.7,494,336,6 Nov. 2025,0857507338
UK,Trivia,11,"The Ultimate Brain Games And Puzzles Book For Adults: Tricky But Fun Brain Teasers, Trivia Challenges, Crosswords, Word Searches And Much More To Keep Your Mind Young And Engaged",Donovan Ellis,Paperback,Red Panda Press,yes,,4.4,2153,139,15 Aug. 2022,B0B9QM23D3
UK,Trivia,12,The 1% Club Book 3: BRAND NEW quiz book from the bestselling series – a perfect gift for fans of the show!,BBC Studios,Paperback,Bantam,no,USD 9.93,,,384,29 Oct. 2026,1911754610
UK,Trivia,13,"The Ultimate Book of Random Fun Facts: Over 1000 Interesting Facts And Trivia Quizzes About History, Science, Sports, Animals, Space and Anything In Between!",Bill O'Neill,Paperback,LAK Publishing,yes,USD 12.18,4.6,2411,198,5 July 2024,1648451233
UK,Trivia,14,Little Kids First Big Book of Why: Fact-filled fun book with questions and answers about everything (National Geographic Kids),Amy Shields,Hardcover,Collins,no,USD 15.71,4.8,34,128,23 April 2026,0008825289
UK,Trivia,15,Big Book of Wordsearches Book 1: a bumper word search book for adults containing 300 puzzles (Richardson Puzzle Books),Richardson Puzzles and Games,Paperback,Richardson Publishing Group,no,,4.6,455,352,3 Sept. 2020,1913602060
UK,Trivia,16,"The Complete Pub Quiz Book 2026: 1,000 Trivia Questions & Answers with 20 Ready-Made Rounds for Quiz Nights, Parties & Family Games",Tom Radley,Paperback,Independently published,yes,USD 13.26,5.0,10,173,11 May 2026,B0H1HTM442
UK,Trivia,17,True or False?: A fun-filled family game book (National Geographic Kids),National Geographic Kids,Paperback,Collins,no,USD 8.80,4.8,188,104,12 Sept. 2024,0008694141
UK,Trivia,18,Daily Mail Big Book of Quick Crosswords Volume 10: A compilation of 400 puzzles,Daily Mail,Paperback,Cassell,no,USD 13.84,5.0,9,464,10 Sept. 2026,1788406923
UK,Trivia,19,Born In 1946 Crosswords Book: Illustrated UK and World news from every month of 1946 with matching crosswords. A Puzzle Book For Men And Women,Elizabeth Absalom,Paperback,Independently published,yes,USD 13.24,4.6,32,112,13 Sept. 2025,B0FR8RH87S
UK,Trivia,20,"The Big Pub Quiz Book: 10,000 general knowledge questions",David McGaughey,Paperback,Richardson Publishing,no,USD 8.60,4.6,628,512,25 Aug. 2022,1913602273
UK,Trivia,21,The Rest is History Returns: An A–Z of Historical Curiosities,Goalhanger,Audible Audiobook,,,USD 17.07,4.2,146,,,B0DGHC3LYL
UK,Trivia,22,The Official Agatha Christie Puzzle Book: Put your detective skills to the ultimate test!,Agatha Christie Ltd,Paperback,,,,4.7,598,,,1399627937
UK,Trivia,23,Big Book of Quick Crosswords Book 3: a bumper crossword book for adults containing 300 puzzles (Richardson Puzzle Books),Richardson Puzzles and Games,Paperback,,,USD 5.29,4.4,191,,,1913602281
UK,Trivia,24,The Official Two Doors Down Quiz Book,Gregor Sharp,Hardcover,,,USD 19.87,,,,,1785309951
UK,Trivia,25,The GCHQ Puzzle Book: Perfect for anyone who likes a good headscratcher,GCHQ,Paperback,,,,4.5,126,,,1405970510
UK,Trivia,26,Ripley’s Believe It or Not! 2026: The ultimate fact-filled annual,Ripley,Hardcover,,,USD 14.58,4.8,386,,,1529961025
UK,Trivia,27,The Rider Files: Official Fourth Wing Activity & Sticker Book - Based on the Award-Winning Empyrean series,Entangled,Flexibound,,,USD 13.68,,,,,157715844X
UK,Trivia,28,Big Book of Wordsearches Book 2: a bumper word search book for adults containing 300 puzzles (Richardson Puzzle Books),Richardson Puzzles and Games,Paperback,,,,4.7,221,,,1913602192
UK,Trivia,29,"1500+ Fun, Mindblowing Facts For The Curious: Intriguing Trivia and Quiz Facts about Science, History, and the World Around Us, Perfect for Curious Minds",Will Kingsmen,Paperback,,,USD 8.58,4.4,222,,,1913485420
UK,Trivia,30,The Daily Crossword Book: A puzzle for every day of the year,Richardson Puzzles and Games,Paperback,,,USD 6.61,4.4,46,,,1913602532
UK,Humour: parodies,1,Yesteryear: The #1 Sunday Times Bestseller – ‘Everyone will be talking about it’ Bella Mackie,Caro Claire Burke,Hardcover,Fourth Estate,no,USD 11.25,4.2,123421,400,9 April 2026,0008742766
UK,Humour: parodies,2,"The History of Mankind in Its Entirety (Abridged): From the Comedian Behind the Hit Podcast, Fin vs History",Fin Taylor,Hardcover,Bantam,no,USD 21.73,4.9,57,304,10 Sept. 2026,1911754092
UK,Humour: parodies,3,Fruit Fly: THE TOP TEN SUNDAY TIMES BESTSELLER,Josh Silver,Hardcover,Magpie,no,USD 19.87,4.5,4711,416,23 April 2026,1836431473
UK,Humour: parodies,4,The Fifth Elephant: (Discworld Novel 24) (Discworld series),Terry Pratchett,Kindle Edition,,,USD 1.31,4.8,9468,449,4 Sept. 2008,B00354YA9K
UK,Humour: parodies,5,Black Bag: SHORTLISTED FOR THE BOOKER PRIZE 2026,Luke Kennard,Hardcover,John Murray,no,USD 20.40,4.0,821,400,12 Mar. 2026,1399826115
UK,Humour: parodies,6,"Animal Farm: An essential, best-loved classic (Collins Classics)",George Orwell,Paperback,William Collins,no,USD 5.02,4.6,106962,144,31 July 2025,0008322058
UK,Humour: parodies,7,Thud!: An outrageously inventive and witty novel from one of fantasy’s best loved authors (Discworld series Book 34),Terry Pratchett,Kindle Edition,,,USD 3.96,4.8,8367,453,1 Dec. 2009,B0031RS6NC
UK,Humour: parodies,8,James: Winner of the 2025 Pulitzer Prize for Fiction,Percival Everett,Paperback,,,USD 7.95,4.5,105816,,,1035031264
UK,Humour: parodies,9,Night Watch: (Discworld Novel 29),Terry Pratchett,Hardcover,,,USD 26.05,4.8,9570,,,1807844986
UK,Humour: parodies,10,Yellowface: The instant #1 Sunday Times bestseller and Reese Witherspoon Book Club pick from author R.F. Kuang (colour may vary),Rebecca F Kuang,Paperback,,,USD 6.61,3.8,72370,336,,0008532818
UK,Humour: parodies,11,"To All the Men I’ve Killed Before: The brand new dark, twisted and hilarious psychological thriller for 2026 from the bestselling author of How to Kill Men and Get Away With It",Katy Brent,Paperback,,,USD 7.26,4.2,697,384,,000865672X
UK,Humour: parodies,12,Little Miss Mum-to-Be: A Funny Adult Parody Book About the Realities of Pregnancy and Motherhood (Mr. Men for Grown-ups),Sarah Daykin,Hardcover,,,USD 10.06,4.8,807,,,1405299673
UK,Humour: parodies,13,My Year of Rest and Relaxation: The cult New York Times bestseller,Ottessa Moshfegh,Kindle Edition,,,USD 6.61,3.9,22860,,,B075G3WPXD
UK,Humour: parodies,14,The Colour Of Magic: The first book in Terry Pratchett’s bestselling Discworld series,Terry Pratchett,Kindle Edition,,,USD 7.94,4.4,27952,,,B0031RS69G
UK,Humour: parodies,15,Wankernomics: A Deep-Dive Into Workplace Bullsh*ttery - THE INSTANT SUNDAY TIMES BESTSELLER,James Schloeffel,Hardcover,,,USD 17.22,4.7,573,,,1399828487
UK,Humour: parodies,16,Equal Rites: (Discworld Novel 3) (Discworld series),Terry Pratchett,Kindle Edition,,,USD 7.94,4.6,17786,,,B0031RS6VE
UK,Humour: parodies,17,Guards! Guards!: (Discworld Novel 8) (Discworld series),Terry Pratchett,Kindle Edition,,,USD 7.94,4.7,18997,,,B00354YA5E
UK,Humour: parodies,18,Not From Round Here: Memoirs of a Soft Southerner Up North,Bradley  Chermside,Kindle Edition,,,USD 1.31,4.2,774,,,B0CVG1ZKMN
UK,Humour: parodies,19,Nobody Wants Your Sh*t: The Art of Decluttering Before You Die (New York Times Bestseller),Messie Condo,Hardcover,,,,4.4,1944,,,1510774734
UK,Humour: parodies,20,Grand: The Autobiography of Gromit: as told to Nick Park,Nick Park,Hardcover,,,USD 14.58,,,272,,1529990874
UK,Humour: parodies,21,Fairytales for Privileged Children: Little Red Riding Hood Blows Her Trust Fund & Other Premium Tales (Stories for Privileged Children),Daniel Foxx,Hardcover,,,USD 16.66,5.0,2,,,1800963874
UK,Humour: parodies,22,Men At Arms: (Discworld Novel 15) (Discworld series),Terry Pratchett,Kindle Edition,,,USD 10.59,4.8,12443,,,B00354YA1I
UK,Humour: parodies,23,The Book of Bill: Gravity Falls: Alex Hirsch,Alex Hirsch,Hardcover,,,USD 19.87,4.8,7112,,,1368092209
UK,Humour: parodies,24,American Psycho,Bret Easton Ellis,Paperback,,,USD 13.19,4.2,14651,,,152907715X
UK,Humour: parodies,25,All Fours: SHORTLISTED FOR THE WOMEN'S PRIZE FOR FICTION 2025,Miranda July,Paperback,,,USD 12.58,3.6,24361,,,1838853480
UK,Humour: parodies,26,"How to Kill Men and Get Away With It: A deliciously dark, hilariously twisted debut psychological thriller, about friendship, love and murder: Book 1 (Kitty Collins)",Katy Brent,Paperback,,,USD 11.92,4.1,9565,,,0008536694
UK,Humour: parodies,27,The Last Hero,Terry Pratchett,Kindle Edition,,,USD 3.96,4.5,2266,,,B00WERXEVE
UK,Humour: parodies,28,The Code of the Woosters: (Jeeves & Wooster): 30,P.G. Wodehouse,Paperback,,,USD 12.53,4.4,4457,,,1787461041
UK,Humour: parodies,29,Mort: (Discworld Novel 4) (Discworld series),Terry Pratchett,Kindle Edition,,,USD 7.94,4.7,17260,,,B0035OC7OU
UK,Humour: parodies,30,Jingo: (Discworld Novel 21) (Discworld series),Terry Pratchett,Kindle Edition,,,USD 7.94,4.7,9123,,,B003RRY5VI
UK,Kids chapter books & readers,1,Harry Potter and the Goblet of Fire (Full-Cast Edition),J.K. Rowling,Audible Audiobook,,,£32.59,4.8,102094,,,B0F14R8HL5
UK,Kids chapter books & readers,2,Phonics Flashcards - Read Write Inc Home - Set 1 Speed Sounds - Early Reading & Literacy for ages 4-6 - Ruth Miskin - EYFS & KS1 Phonics Practice,Ruth Miskin,Cards,,,£5.54,4.8,9276,,,0198386710
UK,Kids chapter books & readers,3,"The 13-Storey Treehouse: The laugh-out-loud adventure, full of comic book style illustrations (The Treehouse Series, 1)",Andy Griffiths,Paperback,,,£2.99,4.6,4592,,,1447279786
UK,Kids chapter books & readers,4,The Boy Who Grew Dragons (The Boy Who Grew Dragons 1): The bestselling enchanting illustrated adventure!,Andy Shepherd,Paperback,,,£5.73,4.7,5633,,,1848126492
UK,Kids chapter books & readers,5,Little Wandle at Home Phonics Flashcards for Year 1: Phase 5 (Big Cat Phonics for Little Wandle Letters and Sounds Revised),Wandle Learning Trust and Little Sutton Primary School,Cards,,,£5.82,4.7,525,,,0008563748
UK,Kids chapter books & readers,6,More Phonics Flashcards - Read Write Inc Home - Set 2 & 3 Speed Sounds - Early Reading & Literacy for ages 4-6 - Ruth Miskin - EYFS & KS1 Phonics Practice,Ruth Miskin,Cards,,,£5.54,4.8,6031,,,0198386818
UK,Kids chapter books & readers,7,Harry Potter Children's Collection,J.K. Rowling,Paperback,,,£34.00,4.9,39819,,,1408856778
UK,Kids chapter books & readers,8,Read with Oxford: Stages 1-2: Julia Donaldson's Songbirds: My Phonics Story Collection,Julia Donaldson,Paperback,,,£10.60,4.7,1101,,,0192764861
UK,Kids chapter books & readers,9,Year 6 Reading Comprehension SATs Targeted Practice Workbook: for the 2027 tests (Collins KS2 SATs Practice),Collins KS2,Paperback,,,£4.74,4.6,791,,,0008467609
UK,Kids chapter books & readers,10,You Choose Party Time: A new story every time – what will YOU choose?,Pippa Goodhart,Hardcover,,,£10.99,4.9,10,,,024173083X
UK,Kids chapter books & readers,11,Read Write Inc.: My Reading and Writing Kit: Early sounds and blending(cover may vary),Editor,Paperback,,,£12.05,4.8,1819,,,0192748521
UK,Kids chapter books & readers,12,Disney Pixar Cars - I'm Ready to Read with Lightning McQueen - Play-a-Sound - PI Kids (I'm Ready to Read Sound Book),PI Kids,Hardcover,,,£7.65,4.7,894,,,1503775224
UK,Kids chapter books & readers,13,The Complete Chronicles of Narnia: The Classic BBC Radio 4 Full-Cast Dramatisations,C.S. Lewis,Audible Audiobook,,,£12.70,4.7,209,,,B00O3FSLA4
UK,Kids chapter books & readers,14,World Cup Greatest Moments (Ultimate Football Heroes): celebrate the 2026 World Cup with 15 epic stories from the history of the competition,Matt & Tom Oldfield,Paperback,,,£2.99,4.6,44,,,1789469414
UK,Kids chapter books & readers,15,Ultimate Football Heroes 2026 - BRAND NEW CONTENT: The perfect gift for fans of the beautiful game!,Matt & Tom Oldfield,Paperback,,,£5.00,4.5,314,,,1789469023
UK,Kids chapter books & readers,16,"Harry Potter and the Philosopher's Stone, Book 1",J.K. Rowling,Audible Audiobook,,,£19.65,4.8,144834,,,B017V51FEG
UK,Kids chapter books & readers,17,Essential Letters and Sounds Phonics Flashcards Pack 1,Katie Press,Cards,,,£5.54,4.7,81,,,1382054912
UK,Kids chapter books & readers,18,Children's Bible Stories (Illustrated Treasury),Autumn Publishing,Hardcover,,,£9.00,4.7,365,,,1803684828
UK,Kids chapter books & readers,19,Harry Potter and the Prisoner of Azkaban (Bloomsbury Publishing),J.K. Rowling,Paperback,,,£8.06,4.8,104224,,,1408855674
UK,Kids chapter books & readers,20,Year 3 Reading Comprehension Targeted Practice Workbook: Ideal for use at home (Collins KS2 Practice),Collins KS2,Paperback,,,£4.74,4.7,494,,,0008467579
UK,Kids chapter books & readers,21,Disney Mickey Mouse Clubhouse - I'm Ready to Read With Mickey Sound Book - Play-a-Sound - PI Kids,Jennifer H. Keast,Hardcover,,,£7.65,4.6,7701,,,1450830242
UK,Kids chapter books & readers,22,"Unicornia: The Frozen Palace: The bestselling illustrated magical unicorn series for kids aged 5-8, perfect as a gift or for party bags",Ana Punset,Paperback,,,£3.28,4.9,145,,,1529529921
UK,Kids chapter books & readers,23,Year 2 Reading Comprehension Targeted Practice Workbook: Ideal for use at home (Collins KS1 Practice),Collins KS1,Paperback,,,£4.74,4.7,608,,,0008467560
UK,Kids chapter books & readers,24,Read Write Inc.: Set 1. Speed Sound Cards,Gill Munton,Cards,,,£11.80,4.7,1031,,,019846035X
UK,Kids chapter books & readers,25,World of Eric Carle Around the Farm – 30-Button Interactive Play a Sound Book – for Toddlers & Early Learning (APPLE SOUND BOOK),Editors of Phoenix International Publications,Hardcover,,,£11.99,4.6,419,,,1503763838
UK,Kids chapter books & readers,26,Ultimate Football Heroes: Yamal: Collect them all!,Matt & Tom Oldfield,Paperback,,,£5.24,4.7,272,,,1789467926
UK,Kids chapter books & readers,27,The Adventures of Captain Underpants,Dav Pilkey,Paperback,,,£6.55,4.6,8829,,,0439014573
UK,Kids chapter books & readers,28,The Enchanted Wood,Enid Blyton,Audible Audiobook,,,£12.56,4.6,5232,,,B00H3Y9S7M
UK,Kids chapter books & readers,29,Year 4 Reading Comprehension Targeted Practice Workbook: Ideal for use at home (Collins KS2 Practice),Collins KS2,Paperback,,,£4.74,4.6,482,,,0008467587
UK,Kids chapter books & readers,30,Shadow Jumper: A mystery adventure book for children and teens aged 10-14: 1,J M Forster,Paperback,,,£7.99,4.5,6431,,,0993070906
UK,Kids activity books,1,"Stick Man The Pumpkin Hunt: a lift-the-flap adventure by the number one bestselling author and illustrator of The Gruffalo, Stick Man and Zog - perfect for Halloween",Julia Donaldson,Board book,Alison Green Books,no,USD 5.96,4.1,11,10,10 Sept. 2026,070234902X
UK,Kids activity books,2,Sticker Dolly Dressing K-POP,Lesley Sims,Paperback,Usborne Publishing Ltd,no,,4.7,195,40,7 May 2026,1806460726
UK,Kids activity books,3,The Gruffalo and Friends Search and Find: The perfect summer holiday activity book for kids,Julia Donaldson,Paperback,Macmillan Children's Books,no,,4.8,434,32,20 Jun. 2024,1035033275
UK,Kids activity books,4,Where's Spidey?: A Marvel Spider-Man Search & Find Book,Marvel Entertainment International Ltd,Paperback,Studio Press,no,USD 3.98,4.6,6084,40,6 Jan. 2022,1800783019
UK,Kids activity books,5,"Disney / Pixar Toy Story 5 My Busy Books - Storybook, 10 figurines, playmat",Phidal Publishing Inc.,Board book,Phidal Publishing Inc.,no,USD 8.59,4.8,225,10,5 May 2026,2764372426
UK,Kids activity books,6,Dear Zoo: The Lift-the-flap Preschool Classic,Rod Campbell,Board book,Macmillan Children's Books,no,USD 6.59,4.8,31865,18,6 Jan. 2022,1529074932
UK,Kids activity books,7,"Disney Princess: Epic Colouring: Over 60 pages of creative colouring activities, ideal for ages 4 and up!",Walt Disney,Paperback,Autumn,no,USD 2.33,4.6,149,64,28 Feb. 2025,1835442641
UK,Kids activity books,8,That's Not My Pumpkin: A Halloween Book for Babies and Toddlers,Fiona Watt,Board book,Usborne Publishing Ltd,no,USD 5.30,5.0,70,10,12 Sept. 2024,1805072641
UK,Kids activity books,9,Elmer Book and Toy Gift Set (Elmer Picture Books),David McKee,Hardcover,Andersen Press,no,,4.7,302,32,5 Sept. 2024,183913514X
UK,Kids activity books,10,Sticker Dolly Dressing Halloween,Fiona Watt,Paperback,Usborne Publishing Ltd,no,USD 5.30,5.0,1,44,10 Sept. 2026,1806460505
UK,Kids activity books,11,Pokémon: How to Draw: The official guide to drawing Pokémon. The perfect creative gift for fans of Pikachu and friends,Pokémon,Paperback,Farshore,no,USD 6.63,4.7,847,128,8 Jun. 2023,0008547602
UK,Kids activity books,12,The Tiger Who Came to Tea,Judith Kerr,Paperback,HarperCollinsChildren’sBooks,no,USD 5.96,4.8,16477,32,23 Feb. 2018,0007215991
UK,Kids activity books,13,Ultimate Football Heroes Colouring Book: the perfect gift for fans of the beautiful game!,Ultimate Football Heroes,Paperback,Dino Books,no,USD 3.31,4.6,843,80,1 Sept. 2022,1800784015
UK,Kids activity books,14,Where are Woody and Buzz?: A Disney Pixar Toy Story Search and Find Activity Book,The Walt Disney Company Ltd,Paperback,Studio Press,no,USD 7.94,4.9,64,40,4 Jun. 2026,1835874223
UK,Kids activity books,15,Magnetic Let’s Play Diggers: An interactive magnetic adventure for children aged 3+ (Magnetic Play & Learn),Alfie Clover,Board book,Imagine That Publishing,no,USD 5.53,4.6,1672,10,1 Mar. 2010,1787009726
UK,Kids activity books,16,"Super Duper Extra Deluxe Essential Handbook (Pokémon): Stats on More Than 1,000 Characters!",Scholastic,Paperback,Scholastic,no,USD 13.51,4.6,2233,640,1 Aug. 2024,1339028018
UK,Kids activity books,17,First Writing Workbook Ages 3-5: Ideal for home learning (Collins Easy Learning Preschool),Collins Easy Learning,Paperback,Collins,no,USD 5.02,4.7,3109,24,15 Dec. 2021,0008387877
UK,Kids activity books,18,The Gruffalo Magic Painting Book: Just add water for mess-free fun!,Julia Donaldson,Board book,Macmillan Children's Books,no,USD 6.72,4.5,231,12,19 Jun. 2025,1035048132
UK,Kids activity books,19,Disney: My First Big Colouring Book,Walt Disney,Paperback,Autumn,no,USD 2.65,4.7,136,88,9 Nov. 2023,1837714134
UK,Kids activity books,20,Oh Dear!: A lift-the-flap farm book from the creator of Dear Zoo (Dear Zoo and Friends),Rod Campbell,Board book,Macmillan Children's Books,no,USD 5.67,4.8,3434,18,5 Jan. 2023,1529097886
UK,Kids activity books,21,"No More Nappies: With helpful tips for potty training (Campbell Big Steps, 2)",Campbell Books,Board book,,,USD 7.94,4.6,10137,,,1509836314
UK,Kids activity books,22,"Is This a Plum?: An interactive, rhyming picture book with clever cut-through holes",Dan Ojari,Paperback,,,USD 9.93,4.7,79,,,0241770513
UK,Kids activity books,23,"Room on the Broom: A Lift-the-Flap Book: with a surprise pop-up ending, the perfect Halloween gift for toddlers",Julia Donaldson,Board book,,,USD 5.63,4.8,91,,,1035055945
UK,Kids activity books,24,The Dinosaur that Pooped Halloween!: A spooky lift-the-flap adventure,Tom Fletcher,Paperback,,,USD 6.59,4.8,723,,,0241488834
UK,Kids activity books,25,"Frog's Day Out: A rhyming lift-the-flap board book, perfect for toddlers",Julia Donaldson,Board book,,,USD 5.30,4.8,832,,,103500688X
UK,Kids activity books,26,"On the Farm: A push pull slide board book for toddlers, from the illustrator of The Gruffalo (Campbell Axel Scheffler, 5)",Campbell Books,Board book,,,USD 5.96,4.7,5521,,,1509866949
UK,Kids activity books,27,Where's Spot?: Eric Hill (Spot - Original Lift The Flap),Eric Hill,Board book,,,USD 6.63,4.8,36216,,,0723263663
UK,Kids activity books,28,The Gruffalo and Friends: Amazing Animals Sticker Book: The perfect activity book for kids,Julia Donaldson,Paperback,,,USD 5.96,5.0,42,,,1035082187
UK,Kids activity books,29,Lottie Brooks’s Essential Guide to Life: Write Your own Diary with Lottie: activities and advice from the hilarious Lottie Brooks!,Katie Kirby,Paperback,,,USD 5.49,4.7,1525,,,0241647207
UK,Kids activity books,30,Lower Case Letters Age 3-5 Wipe Clean Activity Book: The ideal home learning resource packed with letter writing practice and early childhood education activities (Collins Easy Learning Preschool),Collins Easy Learning,Product Bundle,,,,4.7,6623,,,0008212929
UK,Crosswords,1,Murdle: #1 SUNDAY TIMES BESTSELLER: Solve 100 Devilishly Devious Murder Mystery Logic Puzzles (Book 1) (Murdle Puzzle Series),G. T. Karber,Paperback,Souvenir Press,no,USD 9.93,4.5,3163,384,22 Jun. 2023,1800818025
UK,Crosswords,2,Big Book of Brain Games: a bumper mixed puzzle book for adults containing 300 puzzles (Richardson Puzzle Books),Richardson Puzzles and Games,Paperback,Richardson Publishing,no,,4.4,289,352,6 Jun. 2024,1913602311
UK,Crosswords,3,OMG I'm So Bored ! The Activity Book for Teens: 100 Games for 12-17 years old | Sudoku - Word Search - Mazes - Mandalas | Hours of Fun for Boys & Girls,La Bibli des Ados,Paperback,Independently published,yes,,4.4,1922,109,28 April 2021,B093RWX7XP
UK,Crosswords,4,"Minute Cryptic: THE INSTANT SUNDAY TIMES BESTSELLER: Over 160 Wordplay Puzzles to Decipher, Unlock and Untangle",Angas Tiernan,Paperback,Ebury Press,no,USD 18.01,4.8,282,352,4 Sept. 2025,1529958377
UK,Crosswords,5,"Cluedo Book of Puzzles: The official gift book for fans of the classic, iconic murder mystery game!",Hasbro,Paperback,Expanse,no,USD 5.30,4.7,120,224,8 May 2025,0008666547
UK,Crosswords,6,Big Book of Quick Crosswords Book 1 NEW EDITION: a bumper crossword book for adults containing 300 ALL NEW puzzles,Richardson Puzzles and Games,Paperback,Richardson Publishing,no,USD 5.29,4.8,9,352,9 July 2026,1913602729
UK,Crosswords,7,The Times Quick Crossword Book 30: 100 General Knowledge Puzzles (The Times Crosswords),The Times Mind Games,Paperback,Times Books,no,USD 10.06,4.6,43,240,15 Jan. 2026,0008748829
UK,Crosswords,8,Word Salad: A Fresh Take on Your Daily Word Search - 'The game of the moment' SUNDAY TIMES,Samuel Johnston,Paperback,Bantam,no,USD 16.56,4.7,5,320,3 Sept. 2026,1911754572
UK,Crosswords,9,The Times 2 Jumbo Crossword Book 21: 60 large general-knowledge crossword puzzles (The Times Crosswords),The Times Mind Games,Paperback,Times Books,no,USD 12.71,4.4,77,144,7 May 2026,0008748845
UK,Crosswords,10,Daily Mail Quick Crosswords Volume 1 (The Daily Mail Puzzle Books),Daily Mail,Paperback,Hamlyn,no,,4.7,566,240,13 Jun. 2019,0600636232
UK,Crosswords,11,500 Mini Cryptic Word Play Puzzles: Quick Crossword Clues For Adults Who Love Brain Teasers | Pocket Sized,Alex Smart,Paperback,Raleigh Press,no,USD 17.22,4.7,18,344,9 July 2026,1918792062
UK,Crosswords,12,Crossword a Day 2026: 366 of the very best crossword puzzles,Clarity Media,Paperback,Independently published,yes,USD 9.49,4.6,195,210,28 Aug. 2025,B0FPB7SDF6
UK,Crosswords,13,Big Book of Codewords Book 1: a bumper codeword book for adults containing 300 puzzles (Richardson Puzzle Books),Richardson Puzzles and Games,Paperback,Richardson Publishing Group,no,,4.5,660,352,3 Sept. 2020,1913602079
UK,Crosswords,14,Puzzler Annual 2027 | Exclusive collection from the nation’s top compilers,Puzzler,Paperback,DC Thomson,no,USD 12.18,4.2,9,100,10 Aug. 2026,1917436513
UK,Crosswords,15,Daily Mail Quick Crosswords Volume 6: 200 new puzzles from the Daily Mail,Daily Mail,Paperback,Cassell,no,USD 10.80,4.7,82,240,23 May 2024,1788405358
UK,Crosswords,16,"Wordle Challenge: 500 Puzzles to do anywhere, anytime: 1 (Puzzle Challenge)",Ivy Press,Paperback,Ivy Press,no,,4.4,1341,256,15 Mar. 2022,0711280401
UK,Crosswords,17,Mixed Puzzle Book: An absorbing collection of 200 mixed puzzles for adults,Richardson Puzzles and Games,Paperback,Richardson Publishing,no,USD 6.61,4.4,23,96,5 Mar. 2026,1913602613
UK,Crosswords,18,Murdle Junior: Curious Crimes for Curious Minds: From the SUNDAY TIMES BESTSELLING SERIES,G. T. Karber,Paperback,Souvenir Press,no,USD 10.27,4.6,599,240,24 Oct. 2024,1805223755
UK,Crosswords,19,The Times Bumper Book of Quick Cryptic Crosswords book 1: 300 world-famous crossword puzzles,The Times Mind Games,Paperback,Times Books,no,USD 12.58,4.1,40,464,6 Nov. 2025,0008749183
UK,Crosswords,20,SCRABBLE™ Dictionary: The official and bestselling SCRABBLE™ solver – all playable words 2 – 9 letters in length,Collins Scrabble,Paperback,Collins,no,USD 14.38,4.6,250,912,29 Aug. 2024,0008660735
UK,Crosswords,21,More Minute Cryptic: 170 All-New Wordplay Puzzles to Decipher and Untangle,Angas Tiernan,Paperback,,,USD 18.01,,,,,1529959233
UK,Crosswords,22,The Telegraph Cryptic Crosswords 16: A new edition of 100 cryptic crosswords (The Telegraph Puzzle Books),Telegraph Media Group Ltd,Paperback,,,USD 10.80,4.7,19,,,1788406850
UK,Crosswords,23,"The Ultimate Activity Book for Intelligent Men: Tricky Brain Teasers, Mind Games and Logic Puzzle Book for Adults (Perfect Gift for Men)",IQ Street,Paperback,,,,4.5,2198,,,B0CM3G16GV
UK,Crosswords,24,Daily Mail Big Book of Quick Crosswords Collection: Volumes 4 & 5 – Fun and Engaging Crossword Puzzles for Every Skill Level,Daily Mail,Paperback,,,,4.7,72,,,9124394866
UK,Crosswords,25,The Times Quick Cryptic Crossword book 1,. The Times Mind Games,Paperback,,,,4.6,446,,,0008139814
UK,Crosswords,26,Daily Mail Big Book of Quick Crosswords Volume 10: A compilation of 400 puzzles,Daily Mail,Paperback,,,USD 13.84,5.0,9,,,1788406923
UK,Crosswords,27,The Times How to Crack Cryptic Crosswords (The Times Crosswords),Moorey,Paperback,,,USD 10.59,4.5,445,,,0008285578
UK,Crosswords,28,Born In 1946 Crosswords Book: Illustrated UK and World news from every month of 1946 with matching crosswords. A Puzzle Book For Men And Women,Elizabeth Absalom,Paperback,,,USD 13.24,4.6,32,,,B0FR8RH87S
UK,Crosswords,29,Big Book of Codewords Book 3: a bumper codeword book for adults containing 300 puzzles (Richardson Puzzle Books),Richardson Puzzles and Games,Paperback,,,USD 5.29,4.8,173,,,1913602303
UK,Crosswords,30,The Times General Knowledge Crossword Book 3: 80 general knowledge crossword puzzles (The Times Crosswords),The Times Mind Games,Paperback,,,,4.6,36,,,000874887X
UK,Jokes & riddles,1,"Minecraft Joke Book: An official illustrated Minecraft children’s joke book – perfect for funny kids who are into video games aged 7, 8, 9, 10 and 11!",Mojang AB,Paperback,Egmont,no,USD 2.65,4.6,4637,96,8 Aug. 2019,1405295252
UK,Jokes & riddles,2,Joketastic: A hit parade of punchlines,Tony Blackburn,Hardcover,Ebury Spotlight,no,USD 16.26,5.0,2,272,24 Sept. 2026,1807840735
UK,Jokes & riddles,3,Jokes for 8 Year Olds: Awesome Jokes for 8 Year Olds : Birthday - Christmas Gifts for 8 Year Olds (Funny Jokes for Kids Age 5-12),Linda Summers,Paperback,Lion and Mane Press,yes,USD 4.63,4.5,4274,51,13 Nov. 2019,1913485056
UK,Jokes & riddles,4,Jokes for 7 Year Olds: Awesome Jokes for 7 Year Olds : Birthday - Christmas Gifts for 7 Year Olds (Funny Jokes for Kids Age 5-12),Linda Summers,Paperback,Lion and Mane Press,yes,USD 5.29,4.5,2285,51,13 Nov. 2019,1913485048
UK,Jokes & riddles,5,Gross Fact Book: 300 disgustingly awesome facts (National Geographic Kids),National Geographic Kids,Paperback,Collins,no,USD 8.80,4.8,6,104,10 Sept. 2026,0008815429
UK,Jokes & riddles,6,Jokes for 9 Year Olds: Awesome Jokes for 9 Year Olds - Birthday or Christmas Gifts for 9 Year Olds (Kids Joke Books Ages 6-12),Linda Summers,Paperback,Lion and Mane Press,yes,USD 5.29,4.5,2621,51,13 Nov. 2019,1913485064
UK,Jokes & riddles,7,"Bunny vs Monkey: The Gigantic Joke Fight! (a Phoenix Comic Book, from the multi-million-selling creative genius Jamie Smart): The Gigantic Joke Fight ... Jamie Smart, Illustrator of the Year)",Jamie Smart,Paperback,DFB Phoenix,no,USD 6.95,4.7,482,128,10 Oct. 2024,1788453344
UK,Jokes & riddles,8,Silly Jokes For 6 Year Olds: Laugh Out Loud Fun For 6 Year Olds,Edwin Chase,Paperback,Mighty Mammoth Press,yes,USD 5.29,4.7,324,73,23 Jun. 2023,1913485366
UK,Jokes & riddles,9,"The Ultimate Murphy’s Law Book for Kids: 57 Funny and Relatable Lessons and Real-Life Situations to Help Kids Handle Oops Moments, Build Confidence, and Turn Problems into Strength",Gabriel Nedelcu,Paperback,,,USD 17.22,4.0,186,,,B0GQ4R4ZLS
UK,Jokes & riddles,10,Silly Jokes For 10 Year Olds: Laugh Out Loud Fun For 10 Year Olds,Edwin Chase,Paperback,Mighty Mammoth Press,yes,USD 5.29,4.6,365,75,25 July 2023,1913485404
UK,Jokes & riddles,11,Laugh Out Loud Jokes for Funny Kids (Buster Laugh-a-lot Books),Caroline Rowlands,Paperback,Buster Books,no,USD 2.65,4.6,12,128,3 July 2025,1837250294
UK,Jokes & riddles,12,The Bumper Book of Very Silly Jokes: Over 750 Laugh Out Loud Jokes!,Macmillan Adult's Books,Kindle Edition,,,USD 5.29,4.5,968,,,B00BUOA7K8
UK,Jokes & riddles,13,"Pokémon Joke Book: Brand new for 2026, the official joke book packed full of 200 giggles. Perfect for kids aged 6, 7, 8 and 9!",Pokémon,Paperback,,,USD 5.95,4.1,31,,,0008797056
UK,Jokes & riddles,14,"Things To Do While You Poo On The Loo: Activity Book With Funny Facts, Bathroom Jokes, Poop Puzzles, Sudoku & Much More. Perfect Gag Gift.: 1 (Alex Smart's Bathroom Readers)",Alex Smart,Paperback,,,,4.6,11993,,,1699369135
UK,Jokes & riddles,15,Riddles To Do While You Poo On The Loo: Funny Bathroom Reader For Adults & Teens (Alex Smart's Bathroom Readers),Alex Smart,Paperback,,,USD 10.55,4.6,918,,,B09YVJRKFS
UK,Jokes & riddles,16,"Awesome Jokes That Every 5 Year Old Should Know!: Bucketloads of rib ticklers, tongue twisters and side splitters: 1 (Awesome Jokes for Kids)",Mat Waugh,Paperback,,,USD 5.54,4.5,4043,68,,1999914716
UK,Jokes & riddles,17,365 Days of Dad Jokes: Awfully Good Gags... All Year Round,Jim Chumley,Hardcover,,,USD 9.27,4.6,422,,,1800076932
UK,Jokes & riddles,18,Difficult Riddles For Smart Kids: 300 Difficult Riddles And Brain Teasers Families Will Love (Thinking Books for Kids),M Prefontaine,Paperback,,,,4.5,34380,,,1546595902
UK,Jokes & riddles,19,"Retirement for Beginners: Cartoons, Funny Jokes, and Humorous Observations for the Retired",Clive Whichelow,Hardcover,,,USD 10.14,4.6,785,,,1849537518
UK,Jokes & riddles,20,"On Jokes (or, why everything you know about comedy is wrong): The Hidden Mechanics of Funny",Jimmy Carr,Hardcover,,,USD 26.50,,,,,1529454220
UK,Jokes & riddles,21,That Mitchell and Webb Sound: The Complete Series 1-5: The BBC Radio 4 comedy show,David Mitchell,Audible Audiobook,,,USD 16.00,4.2,4,,,B0BF3CYNSS
UK,Jokes & riddles,22,"Hilarious Jokes For 6 Year Old Kids: An Awesome LOL Gag Book For Young Boys and Girls Filled With Tons of Tongue Twisters, Rib Ticklers, Side Splitters, and Knock Knocks",Hayden Fox,Paperback,,,USD 10.59,4.5,2298,,,B087SCHNBF
UK,Jokes & riddles,23,"Beano Christmas Special 2026 – with 68 pages of festive comics, jokes, puzzles and activities, this is the perfect Christmas treat for comic fans.",Beano,Comic,,,USD 10.06,4.0,2,,,1917436688
UK,Jokes & riddles,24,"Awesome Jokes That Every 6 Year Old Should Know!: Bucketloads of rib ticklers, tongue twisters and side splitters: 2 (Awesome Jokes for Kids)",Mat Waugh,Paperback,,,USD 7.94,4.6,10063,,,1999914724
UK,Jokes & riddles,25,The Kids’ Book of Awesome Riddles: More than 150 brain teasers for kids and their families,Amanda Learmonth,Paperback,,,USD 7.54,4.6,1732,,,1780556357
UK,Jokes & riddles,26,The World According to Bob Mortimer: Unofficial Gift Book,Bee Three Books,Hardcover,,,,4.0,59,,,191541069X
UK,Jokes & riddles,27,"1001 One-Liners and Short Jokes: The Ultimate Collection Of The Funniest, Laugh-Out-Loud Rib-Ticklers (1001 Jokes and Puns)",Graham Cann,Paperback,,,USD 13.24,4.3,2293,,,1838090517
UK,Jokes & riddles,28,"Hilarious Jokes For 11 Year Old Kids: An Awesome LOL Gag Book For Tween Boys and Girls Filled With Tons of Tongue Twisters, Rib Ticklers, Side Splitters, and Knock Knocks",Hayden Fox,Paperback,,,USD 10.59,4.5,2635,,,B08D4P9D81
UK,Jokes & riddles,29,The Big Book of 5660 Funny Memes: A Massive Collection of Internet Jokes and Laughs,Zach Anthony,Kindle Edition,,,USD 5.91,4.6,8,,,B0H2SBK3M7
UK,Jokes & riddles,30,"Hilarious Jokes For 7 Year Old Kids: An Awesome LOL Gag Book For Young Boys and Girls Filled With Tons of Tongue Twisters, Rib Ticklers, Side Splitters, and Knock Knocks",Hayden Fox,Paperback,,,USD 10.31,4.5,2852,,,B0883YH7BY
UK,Humour: general,1,Harry Potter and the Chamber of Secrets (Full-Cast Edition),J.K. Rowling,Audible Audiobook,,,£19.65,4.8,105298,,,B0F14VTX6V
UK,Humour: general,2,Harry Potter and the Prisoner of Azkaban (Full-Cast Edition),J.K. Rowling,Audible Audiobook,,,£19.65,4.8,104224,,,B0F14NYM4K
UK,Humour: general,3,Harry Potter and the Goblet of Fire (Full-Cast Edition),J.K. Rowling,Audible Audiobook,,,£32.59,4.8,102094,,,B0F14R8HL5
UK,Humour: general,4,Harry Potter and the Order of the Phoenix (Full-Cast Edition),J.K. Rowling,Audible Audiobook,,,£32.59,4.8,90611,,,B0F14SJ4F9
UK,Humour: general,5,Harry Potter and the Half-Blood Prince (Full-Cast Edition),J.K. Rowling,Audible Audiobook,,,£31.04,4.8,75281,,,B0F14YBFH9
UK,Humour: general,6,The Castle: Adventures in a World of Unravelling Men - The Sunday Times Number One Bestseller,Jon Ronson,Audible Audiobook,,,£12.07,4.2,274,,,B0FXM6PZKK
UK,Humour: general,7,Harry Potter and the Philosopher’s Stone (Full-Cast Edition),J.K. Rowling,Audible Audiobook,,,£19.65,4.3,99,,,B0F155M8K8
UK,Humour: general,8,Lottie Brooks’s Twelve Disasters of Christmas: Twelve festive short stories from the mega-bestselling author of the Lottie Brooks series: 12,Katie Kirby,Hardcover,,,£7.49,,,,,0241769418
UK,Humour: general,9,This Charming Man: British Book Awards Author of the Year 2022,Marian Keyes,Kindle Edition,,,£0.99,4.3,4003,,,B002RI9DN8
UK,Humour: general,10,"The Butcher's Masquerade: Dungeon Crawler Carl, Book 5",Matt Dinniman,Audible Audiobook,,,£19.08,4.8,60014,,,B09ZJ7TGQC
UK,Humour: general,11,"Joe Marler vs The World: He’s Clinging On For Dear Life, A Must-Read for 2026",Joe Marler,Hardcover,HarperCollins,no,£11.00,,,352,24 Sept. 2026,0008839689
UK,Humour: general,12,"The Eye of the Bedlam Bride: Dungeon Crawler Carl, Book 6",Matt Dinniman,Audible Audiobook,,,£19.08,4.8,61660,,,B0CDXSGK9B
UK,Humour: general,13,"The History of Mankind in Its Entirety (Abridged): From the Comedian Behind the Hit Podcast, Fin vs History",Fin Taylor,Audible Audiobook,,,£10.55,4.9,57,,,B0H1WP9M6V
UK,Humour: general,14,Diary of a Wimpy Kid: Fight or Flight (Book 21): THE NEXT HILARIOUS BOOK IN THE BESTSELLING SERIES,Jeff Kinney,Hardcover,,,£7.49,,,,,0241745217
UK,Humour: general,15,"The 13-Storey Treehouse: The laugh-out-loud adventure, full of comic book style illustrations (The Treehouse Series, 1)",Andy Griffiths,Paperback,,,£2.99,4.6,4592,,,1447279786
UK,Humour: general,16,The Completely Chaotic Christmas of Lottie Brooks: Cover and edition content received with your order may vary: 5,Katie Kirby,Paperback,Puffin,no,£5.00,4.8,3377,288,24 Oct. 2024,0241679168
UK,Humour: general,17,Would you rather? World: A fun-filled family game book (National Geographic Kids),National Geographic Kids,Paperback,Collins,no,£3.00,4.6,273,104,2 Mar. 2023,0008554390
UK,Humour: general,18,What a Time to Be Alive!: Scenes from a Strange Age,Marina Hyde,Audible Audiobook,,,£13.58,3.0,2,,,B0GL2628H6
UK,Humour: general,19,Ghost and Toast: brilliantly bonkers and side-splittingly funny graphic novel adventures for fans of BUNNY VS MONKEY and DONUT SQUAD!,Phil Corbett,Paperback,,,£4.49,5.0,7,192,,1835875327
UK,Humour: general,20,The Seriously Epic Holiday of Lottie Brooks: The eighth hilarious diary in the bestselling series: 8,Katie Kirby,Hardcover,,,£7.00,4.8,1935,,,0241769248
UK,Humour: general,21,"Lottie Brooks's Totally Disastrous School-Trip (Lottie Brooks, 4): The fourth hilarious diary in the bestselling series",Katie Kirby,Paperback,,,£5.00,4.8,3136,,,0241562058
UK,Humour: general,22,"Minecraft Joke Book: An official illustrated Minecraft children’s joke book – perfect for funny kids who are into video games aged 7, 8, 9, 10 and 11!",Mojang AB,Paperback,,,£2.00,4.6,4637,,,1405295252
UK,Humour: general,23,InvestiGators: A Laugh-Out-Loud Comic Book Adventure!: 1,John Patrick Green,Paperback,,,£4.37,4.7,4418,,,1529054370
UK,Humour: general,24,"This is Going to Hurt: The bestselling secret diaries of a junior doctor, now a major BBC comedy-drama",Adam Kay,Kindle Edition,,,£5.99,4.7,109396,,,B09R7LH8TH
UK,Humour: general,25,The Mega-Complicated Crushes of Lottie Brooks: The third hilarious diary in the bestselling series: 3,Katie Kirby,Paperback,,,£5.00,4.7,4320,,,0241562031
UK,Humour: general,26,The Majorly Awkward BFF Dramas of Lottie Brooks: The sixth hilarious diary in the bestselling series: 6,Katie Kirby,Paperback,,,£4.97,4.7,2697,,,0241647266
UK,Humour: general,27,Lottie Brooks vs The Ultra Mean Girls: The seventh hilarious diary in the bestselling series: 7,Katie Kirby,Paperback,,,£4.49,4.8,2685,,,0241647231
UK,Humour: general,28,The Book For Men Who Have Everything: Unusual Knowledge and Boredom Busters for Intelligent Men,IQ Street,Paperback,,,£6.42,4.5,1370,,,B0FVKQH4KS
UK,Humour: general,29,The Extremely Embarrassing Life of Lottie Brooks: The first hilarious diary in the bestselling series: 1,Katie Kirby,Paperback,,,£5.00,4.7,5178,,,0241460883
UK,Humour: general,30,The Smeds and the Smoos,Julia Donaldson,Paperback,,,£4.48,4.8,9778,,,B07Y1V7HQ5
UK,Kids early learning,1,One Christmas Eve: A brand-new picture book about Percy the Park Keeper for 2026. The perfect Christmas gift for toddlers and kids aged 3+,Nick Butterworth,Hardcover,,,£6.49,,,,,0008765944
UK,Kids early learning,2,Phonics Flashcards - Read Write Inc Home - Set 1 Speed Sounds - Early Reading & Literacy for ages 4-6 - Ruth Miskin - EYFS & KS1 Phonics Practice,Ruth Miskin,Cards,,,£5.54,4.8,9276,,,0198386710
UK,Kids early learning,3,The Gruffalo and Friends Search and Find: The perfect summer holiday activity book for kids,Julia Donaldson,Paperback,Macmillan Children's Books,no,,4.8,434,32,20 Jun. 2024,1035033275
UK,Kids early learning,4,The Pumpkin Thief: a hilarious autumnal picture book by the New York Times bestselling creators of The Leaf Thief (Leaf Thief Series),Alice Hemming,Paperback,,,£4.50,4.9,115,,,0702343498
UK,Kids early learning,5,Jonty Gentoo - The Adventures of a Penguin: The Number One Bestseller by the creators of The Gruffalo and Zog,Julia Donaldson,Paperback,,,£3.99,4.8,1292,,,0702329444
UK,Kids early learning,6,The Colour Monster: Celebrating 10 years of The Colour Monster!,Anna Llenas,Paperback,,,£6.79,4.8,17728,,,1783704233
UK,Kids early learning,7,Dear Zoo: The Lift-the-flap Preschool Classic,Rod Campbell,Board book,Macmillan Children's Books,no,£4.97,4.8,31865,18,6 Jan. 2022,1529074932
UK,Kids early learning,8,The Leaf Thief: Children will love this laugh-out-loud picture book about the changing seasons!: 1 (Leaf Thief Series),Alice Hemming,Paperback,,,£7.59,4.8,1039,,,1407191446
UK,Kids early learning,9,That's Not My Pumpkin: A Halloween Book for Babies and Toddlers,Fiona Watt,Board book,Usborne Publishing Ltd,no,£4.00,5.0,70,10,12 Sept. 2024,1805072641
UK,Kids early learning,10,Stick Man,Julia Donaldson,Paperback,,,£5.99,4.9,15768,,,1407170716
UK,Kids early learning,11,The Baddies: the wickedly funny picture book from the bestselling creators of Zog and The Gruffalo!,Julia Donaldson,Paperback,,,£4.97,4.7,2733,,,0702325066
UK,Kids early learning,12,Tiddler,Julia Donaldson,Paperback,,,£4.00,4.8,7750,32,,1407170759
UK,Kids early learning,13,We're Going on a Bear Hunt: The bestselling classic family favourite picture book perfect for reading aloud to kids age 3-6,Michael Rosen,Paperback,,,£4.97,4.8,5276,,,0744523230
UK,Kids early learning,14,Zog,Julia Donaldson,Paperback,,,£4.48,4.9,11826,,,1407170767
UK,Kids early learning,15,First Writing Workbook Ages 3-5: Ideal for home learning (Collins Easy Learning Preschool),Collins Easy Learning,Paperback,Collins,no,£3.79,4.7,3109,24,15 Dec. 2021,0008387877
UK,Kids early learning,16,Peter Rabbit My First Little Library: A baby board book set,Beatrix Potter,Board book,,,£6.64,4.7,4569,,,0723267030
UK,Kids early learning,17,Tabby McTat: 1,Julia Donaldson,Paperback,,,£4.48,4.8,6546,,,1407170708
UK,Kids early learning,18,The Gruffalo Magic Painting Book: Just add water for mess-free fun!,Julia Donaldson,Board book,Macmillan Children's Books,no,£5.07,4.5,231,12,19 Jun. 2025,1035048132
UK,Kids early learning,19,Disney: My First Big Colouring Book,Walt Disney,Paperback,Autumn,no,£2.00,4.7,136,88,9 Nov. 2023,1837714134
UK,Kids early learning,20,Oh Dear!: A lift-the-flap farm book from the creator of Dear Zoo (Dear Zoo and Friends),Rod Campbell,Board book,Macmillan Children's Books,no,£4.28,4.8,3434,18,5 Jan. 2023,1529097886
UK,Kids early learning,21,The Smeds and the Smoos,Julia Donaldson,Paperback,,,£4.48,4.8,9778,,,B07Y1V7HQ5
UK,Kids early learning,22,"No More Nappies: With helpful tips for potty training (Campbell Big Steps, 2)",Campbell Books,Board book,,,£5.99,4.6,10137,,,1509836314
UK,Kids early learning,23,Superworm,Julia Donaldson,Paperback,,,£4.48,4.8,9008,,,1407170724
UK,Kids early learning,24,The Pumpkin Party: A fun new illustrated board book for 2026 – perfect for babies and toddlers at Halloween! (Stories from Percy's Park),Nick Butterworth,Board book,,,£4.50,5.0,1,,,000876591X
UK,Kids early learning,25,Pricklepaper's Letter Magic,Tom Read Wilson,Paperback,,,£6.49,5.0,12,,,1836009720
UK,Kids early learning,26,"Frog's Day Out: A rhyming lift-the-flap board book, perfect for toddlers",Julia Donaldson,Board book,,,£4.00,4.8,832,,,103500688X
UK,Kids early learning,27,"On the Farm: A push pull slide board book for toddlers, from the illustrator of The Gruffalo (Campbell Axel Scheffler, 5)",Campbell Books,Board book,,,£4.50,4.7,5521,,,1509866949
UK,Kids early learning,28,The Gruffalo and Friends: Amazing Animals Sticker Book: The perfect activity book for kids,Julia Donaldson,Paperback,,,£4.50,5.0,42,,,1035082187
UK,Kids early learning,29,The Ugly Five,Julia Donaldson,Paperback,,,£4.48,4.7,6907,,,1407184636
UK,Kids early learning,30,You Choose: A new story every time – what will YOU choose?: 1,Pippa Goodhart,Paperback,,,£5.00,4.8,3685,,,0141379316
US,Coloring for grown-ups,1,Spooky Cutie: Coloring Book for Adults and Teens Featuring Adorable Creepy Creatures in Cozy Hygge Moments for Relaxation (Cozy Spaces Coloring),Coco Wyo,Paperback,Independently published,yes,$9.99,4.8,7910,88,"July 9, 2024",B0D943SQXV
US,Coloring for grown-ups,2,"Cozy Girl Season: Bold and Easy Coloring Book for Adults & Teens, Featuring Fall, Halloween, and Christmas Designs | Simple, Cute Illustrations for Hygge and Relaxation (Cozy Girl Series)",Jeanett Veronica,Paperback,Independently published,yes,$9.99,4.8,695,108,"August 4, 2025",B0FLJVJKP6
US,Coloring for grown-ups,3,Large Print Easy Color & Frame - Calm (Stress Free Coloring Book),New Seasons,,New Seasons,yes,$6.42,4.7,8443,64,"November 29, 2020",1645585417
US,Coloring for grown-ups,4,Little Spooky: Coloring Book for Adults and Teens Featuring Cute Creepy Creatures in Cozy Hygge Moments for Relaxation,Coco Wyo,Paperback,Independently published,yes,$9.99,4.8,3384,88,"August 21, 2024",B0DF33DSNF
US,Coloring for grown-ups,5,Anatomy Coloring Book with 450+ Realistic Medical Illustrations with Quizzes for Each (Kaplan Test Prep),Stephanie McCann,Paperback,Kaplan Test Prep,no,$21.89,4.7,1999,384,"August 6, 2024",1506295266
US,Coloring for grown-ups,6,Cozy Friends: Coloring Book for Adults and Teens Featuring Super Cute Animal Characters with Easy and Simple Designs for Relaxation,Coco Wyo,Paperback,Independently published,yes,$9.99,4.8,12434,88,"May 22, 2024",B0D4YLQRMP
US,Coloring for grown-ups,7,"Spooky Cozy: Cute & Simple Coloring Book for Adults and Teens Featuring Adorable Characters, Creepy Creatures and Cozy Hygge Scenes for Relaxation",Amelia Green,Paperback,Amelia Green,yes,$9.99,4.8,1320,99,"October 14, 2024",1964113164
US,Coloring for grown-ups,8,"Color & Frame - Bible Coloring: Psalms: 63 Coloring Pages with Bible Verses | Christian Devotional Book Gift for Women, Adults, Teens & Faith-Based Relaxation | Perforated, Spiral Bound",New Seasons,,New Seasons,yes,$6.97,4.8,2425,128,"March 1, 2021",1645585662
US,Coloring for grown-ups,9,Mindfulness Patterns: Coloring Book with Creative Pattern Designs for Stress Relief and Relaxation,Vivi Tinta,Paperback,Independently published,yes,$9.99,4.6,1630,108,"January 26, 2024",B0CTGLNZWH
US,Coloring for grown-ups,10,"Large Print Easy Color & Frame - Stress Free: Adult Coloring Book with 31 Designs | Flowers, Mandalas & Nature | Perforated Pages, Spiral Bound | Gift for All Ages, Seniors & Beginners",New Seasons,,New Seasons,yes,$6.42,4.7,8123,64,"November 29, 2020",1645585433
US,Coloring for grown-ups,11,Spooky Cutie: Vol. 2 Coloring Book for Adults and Teens Featuring Lovely Creepy Creatures in Cozy Moments for Relaxation,Coco Wyo,Paperback,Independently published,yes,$9.99,4.6,667,88,"July 22, 2025",B0FJW4NVNZ
US,Coloring for grown-ups,12,"Human Anatomy Coloring Book: 150 Detailed Illustrations & 70 Fascinating Facts in an Anatomy and Physiology Workbook for Adults, Medical Students, & Nurses Focused on Advanced Body Systems Learning",MedBooks Corner Publishing,Paperback,Independently published,yes,$14.38,4.6,947,142,"October 1, 2024",B0DJGCZBQ8
US,Coloring for grown-ups,13,"100 Amazing Patterns: An Adult Coloring Book with Fun, Easy, and Relaxing Coloring Pages",Jade Summer,Paperback,Independently published,yes,$12.05,4.6,18340,206,"July 15, 2019",1079520015
US,Coloring for grown-ups,14,Learn to Watercolor: 20 Step-by-Step Beginner-Friendly Lessons on Watercolor Paper - Includes Watercolor Pad with Sketches – No Drawing Required! (Watercolor This Book),Lacey Walker,Paperback,Walter Foster Publishing,no,$12.99,4.8,1531,96,"October 29, 2024",0760391416
US,Coloring for grown-ups,15,"The Reverse Coloring Book™: The Book Has the Colors, You Draw the Lines!",Kendra Norton,Paperback,Workman Publishing Company,no,$7.87,4.7,6120,104,"August 31, 2021",1523515279
US,Coloring for grown-ups,16,"The Ultimate Fun Adult Activity Book: Logic Puzzles, Sudoku, Mazes, Word Searches, Crosswords, Acrostics, Coloring, and More!",Julie Demyanovich,Paperback,Zeitgeist,no,$9.99,4.3,478,192,"November 26, 2024",0593886453
US,Coloring for grown-ups,17,Disney Mystery Coloring: Princesses: A Color by Number Book,Disney,Paperback,Random House Worlds,no,$17.58,4.7,321,128,"February 24, 2026",B0FJ1PLH6C
US,Coloring for grown-ups,18,Brain Games - Sticker by Number: Under the Sea - 2 Books in 1 (42 Images to Sticker),Publications International Ltd.,,"Publications International, Ltd.",no,$7.39,4.7,1545,156,"November 1, 2019",1645580377
US,Coloring for grown-ups,19,Creative Haven Autumn Harvest Coloring Book (Adult Coloring Books: Seasons),Teresa Goodridge,Paperback,Dover Publications,no,$4.39,4.7,1456,64,"July 19, 2023",0486851087
US,Coloring for grown-ups,20,"Still & Slow - Monochrome Coloring Book for Adults - 35 Mindful Illustrations for Stress & Anxiety Relief - One-Pen Ritual, Calm Prompts, Thick Paper (One Color Coloring Book)",Still and Slow,Pocket Book,Still&Slow,yes,$24.90,4.4,83,77,"July 27, 2025",B0FKJDM9TW
US,Coloring for grown-ups,21,Bob Ross by the Numbers (RP Minis),Bob Ross,Paperback,,,$7.01,4.3,7641,,,076249168X
US,Coloring for grown-ups,22,"Little Corner: Coloring Book for Adults and Teens, Super Cute Designs of Cozy, Hygge Spaces for Relaxation (Cozy Spaces Coloring)",Coco Wyo,Paperback,,,$9.99,4.8,12260,,,B0D5HVSW5T
US,Coloring for grown-ups,23,Disney Dreams Collection Thomas Kinkade Studios Coloring Book,Thomas Kinkade,Paperback,,,$7.03,4.7,33076,,,1449483186
US,Coloring for grown-ups,24,Girl Moments: Coloring Book for Adults and Teens Featuring Cute Cozy Daily Activities for Relaxation (Cozy Spaces Coloring),Coco Wyo,Paperback,,,$9.99,4.8,10149,,,B0DL5SF36B
US,Coloring for grown-ups,25,Halloween – Bold and Easy Coloring Book for Kids and Adults (Seasonal Bold & Easy Coloring Books),Ella Tarling,Paperback,,,$5.99,4.7,61,,,B0FGP9HQ24
US,Coloring for grown-ups,26,"Brain Games - Sticker by Number: It’s the Great Pumpkin, Charlie Brown (Halloween) - Officially Licensed Peanuts Product",Publications International Ltd.,,,,$8.00,4.8,311,,,1639384960
US,Coloring for grown-ups,27,"Ocean Scene: Coloring Book for Adults and Kids, Bold and Easy Designs for Relaxation with Sea Life (Bold & Easy Coloring)",Coco Wyo,Paperback,,,$9.99,4.8,2446,,,B0DBZ7986Z
US,Coloring for grown-ups,28,"100 Color by Number Mysteries: A Coloring Book for Adults Relaxation and Wonder – Squares, Diamonds, Dots (Pixelcolorist Quest)",Pixelcolorist Books,Paperback,,,$12.99,4.6,1910,,,B0DVQ5ZH66
US,Coloring for grown-ups,29,"100 Flowers: An Adult Coloring Book with Bouquets, Wreaths, Swirls, Patterns, Decorations, Inspirational Designs, and Much More!",Jade Summer,Paperback,,,$11.75,4.7,17491,,,1661264107
US,Coloring for grown-ups,30,Color & Frame - In the Forest (Adult Coloring Book),New Seasons,,,,$7.90,4.6,9401,,,1680223186
US,Logic & brain teasers,1,Murdoku: 80 Murder Mystery Logic Puzzles,Manuel Garand,Paperback,,,$11.54,4.7,1024,,,1454961791
US,Logic & brain teasers,2,"The Killer Isn't Alice: The Bestselling Murder Mystery Puzzle Book - 46,600 Suspects, 1 Killer. Can You Solve the Crime?",Iris Starling,Paperback,"Little, Brown and Company",no,$15.18,4.5,1937,224,"September 1, 2026",0316616184
US,Logic & brain teasers,3,Murdoku Volume 2: Back in Time: 80 Murder Mystery Logic Puzzles,Manuel Garand,Paperback,,,$9.78,4.8,570,224,,1454961805
US,Logic & brain teasers,4,Murdle: Volume 1,G T Karber,Paperback,Griffin,no,$12.48,4.5,7691,384,"June 13, 2023",1250892317
US,Logic & brain teasers,5,"The Big Book of Sudoku: Over 500 Puzzles & Solutions, Easy to Hard Puzzles for Adults (Brain Busters)",Parragon Books,,Cottage Door Press,no,$9.31,4.8,8680,384,"September 12, 2018",1680524755
US,Logic & brain teasers,6,Brain Games - Scavenger Hunt Puzzles,Publications International Ltd.,,"Publications International, Ltd.",no,$8.82,4.4,2564,160,"December 16, 2023",164558254X
US,Logic & brain teasers,7,True Facts That Sound Like Bull$#*t: 500 Insane-But-True Facts That Will Shock and Impress Your Friends (1) (Mind-Blowing True Facts),Shane Carley,Paperback,Cider Mill Press,no,$7.45,4.6,9702,240,"April 11, 2017",160433696X
US,Logic & brain teasers,8,"Kill Grid Volume 1 | Murder Mystery Word Search: 120 Connected Detective Crime Cases for Adults & Teens | Follow the Clues, Unmask the Killer | Whodunit Word Find Puzzle Book, Gift for Mystery Lovers",Hazel Woods,Paperback,Independently published,yes,$9.99,4.7,49,137,"July 6, 2026",B0H7S181HY
US,Logic & brain teasers,9,"Puzzle Mania!: Wordle, Connections, Spelling Bee, Minis and More! (New York Times Games Books)",The New York Times Games,Hardcover,Authors Equity,no,$19.00,4.8,520,224,"October 21, 2025",B0DXD5JSLL
US,Logic & brain teasers,10,"The Ultimate Fun Adult Activity Book: Logic Puzzles, Sudoku, Mazes, Word Searches, Crosswords, Acrostics, Coloring, and More!",Julie Demyanovich,Paperback,Zeitgeist,no,$9.99,4.3,478,192,"November 26, 2024",0593886453
US,Logic & brain teasers,11,Brain Games - Large Print Bible Word Search: The Words of Jesus (Brain Games - Bible),Publications International Ltd.,,"Publications International, Ltd.",no,$9.00,4.8,3142,192,"November 15, 2021",1645587754
US,Logic & brain teasers,12,Large Print Merriam-Webster Puzzles 10 Booklet Set (Brain Games Large Print),Publications International Ltd.,Paperback,"Publications International, Ltd.",no,$9.77,4.6,4041,320,"August 25, 2014",1450890598
US,Logic & brain teasers,13,Murdle: Volume 2,G. T. Karber,Paperback,Griffin,no,$9.51,4.7,1701,384,"September 19, 2023",1250892325
US,Logic & brain teasers,14,"The Easy and Relaxing Memory Activity Book for Adults: Includes Relaxing Memory Activities, Easy Puzzles, Brain Games and More",J. D. Kinnest,Paperback,Lomic Books,no,$9.99,4.5,6299,154,"February 14, 2020",1988923182
US,Logic & brain teasers,15,Difficult Riddles For Smart Kids: 300 Difficult Riddles And Brain Teasers Families Will Love (Thinking Books for Kids),M Prefontaine,Paperback,CreateSpace Independent Publishing Platform,yes,$9.99,4.6,34915,79,"May 17, 2017",1546595902
US,Logic & brain teasers,16,The Killer Never Checked In: Find the Killer Among 3000 Guest Records & 24 Clues -- Murder Mystery Crime Puzzle Book for Adults & Teens,KRW Media Publishing,Paperback,Independently published,yes,$6.99,3.9,64,178,"July 2, 2026",B0H7FCXP4V
US,Logic & brain teasers,17,Large Print Memory Puzzles: 175+ Puzzles and Activities for Adults to Exercise Memory and Improve Focus - Includes Spiral Bound / Lay Flat Design and ... Font for Easy Reading (Brain Busters),Parragon Books,,Cottage Door Press,no,$10.85,4.6,776,240,"September 18, 2023",1646385039
US,Logic & brain teasers,18,Brain Games - Cold Case Puzzles,Publications International Ltd.,,"Publications International, Ltd.",no,$9.00,4.3,3688,192,"December 1, 2019",1645580601
US,Logic & brain teasers,19,"Easy - Medium Crossword Puzzle Book For Adults and Seniors - 100 Big Font Puzzles: Engaging Challenges to Boost Your Focus and Keep Your Eyes Relaxed ... of Fun, Perfect Gift for Cross word Lover",Sharpness Ink,Paperback,Independently published,yes,$10.99,4.5,285,117,"October 28, 2025",B0FY2YC986
US,Logic & brain teasers,20,Ultimate Mind Games: With Over 400 Puzzles (Brain Busters),Parragon Books,Paperback,Cottage Door Press,no,$7.43,4.3,4847,384,"September 16, 2018",1680524712
US,Logic & brain teasers,21,Brain Games - Relax and Solve: Word Search (Toile),Publications International Ltd.,,,,$8.54,4.8,1315,,,1645584070
US,Logic & brain teasers,22,Brain Games - To Go - Sudoku,Publications International Ltd.,,,,$8.29,4.8,1877,,,1640303642
US,Logic & brain teasers,23,"Easy Crossword Puzzle Books For Adults and Seniors - 100 Big Font, Eye-Friendly Puzzles: Engaging Challenges to Boost Your Focus and Keep Your Eyes ... of Fun, Perfect Gift for Cross word Lover",Sharpness Ink,Paperback,,,$10.99,4.6,411,,,B0FRYTWJM1
US,Logic & brain teasers,24,"Logic Puzzles Book for Brain Fitness: 90-Day Challenge to Sharpen the Mind and Strengthen Cognitive Skills Enlarged Print, Easy to Hard! (Brain Fitness Puzzle Games)",Lana Barnes,Paperback,,,$6.39,4.4,214,,,0593885783
US,Logic & brain teasers,25,"399 Games, Puzzles & Trivia Challenges Specially Designed to Keep Your Brain Young.",Nancy Linde,Paperback,,,$9.63,4.6,7964,,,0761168257
US,Logic & brain teasers,26,Murdoku Volume 3: Around the World: 80 Murder Mystery Logic Puzzles,Manuel Garand,Paperback,,,$15.19,,,,,1454968117
US,Logic & brain teasers,27,Brain Games - Brain Workout: Sudoku,Publications International Ltd.,,,,$7.78,4.8,1799,,,1645580687
US,Logic & brain teasers,28,"Brain Games - Criminal Mind Puzzles: Crime-Themed Brain Teasers | Visual, Verbal, Memory & Logic Puzzles | Spiral Bound Activity Book for Adults & Teens",Publications International Ltd.,,,,$12.10,4.4,7055,,,1640306730
US,Logic & brain teasers,29,Brain Games - Calm: Word Search Puzzles - Large Print (Brain Games Large Print),Publications International Ltd.,,,,$9.00,4.8,992,,,1639385800
US,Logic & brain teasers,30,"CRIMESEARCH | The Ultimate Murder Mystery & Crime Word Search Book: Solve 120 Detective Cases of Homicides, Heists and Espionage for Adults | Find Hidden Clues and Crack Secret Codes | Volume 1",Kelly A. Mayer,Paperback,,,$12.99,4.6,244,,,1996805045
US,Jokes & riddles,1,"Lots of Knock-Knock Jokes for Kids: A Funny, Laugh Out Loud Busy Book for Children with Over 250 Jokes, Riddles, Tongue Twisters, and Puns",Whee Winn,Paperback,Zonderkidz,no,$3.99,4.7,13969,128,"February 2, 2016",0310750628
US,Jokes & riddles,2,True Facts That Sound Like Bull$#*t: 500 Insane-But-True Facts That Will Shock and Impress Your Friends (1) (Mind-Blowing True Facts),Shane Carley,Paperback,Cider Mill Press,no,$7.45,4.6,9702,240,"April 11, 2017",160433696X
US,Jokes & riddles,3,Difficult Riddles For Smart Kids: 300 Difficult Riddles And Brain Teasers Families Will Love (Thinking Books for Kids),M Prefontaine,Paperback,CreateSpace Independent Publishing Platform,yes,$9.99,4.6,34915,79,"May 17, 2017",1546595902
US,Jokes & riddles,4,"49 Excuses for Getting More Screen Time: A (seriously funny) excuse book for kids who love video games, YouTube, tablets, and TV (The Excuse Encyclopedia Series 13)",James Warwood,Kindle Edition,,,$2.99,4.0,170,111,"April 29, 2026",B0GXP7ZHW8
US,Jokes & riddles,5,Minecraft: The Official Joke Book (Minecraft),Dan Morgan,Paperback,Random House Books for Young Readers,no,$7.20,4.7,3239,128,"May 11, 2021",0593379373
US,Jokes & riddles,6,Dad Jokes: Over 600 of the Best (Worst) Jokes Around and Perfect Christmas Gag Gift for All Ages!,Jimmy Niro,Paperback,Sourcebooks,no,$5.73,4.7,9506,160,"May 1, 2018",1492675377
US,Jokes & riddles,7,The Best Jokes Every 10 Year Old Should Know: Funny Kids Jokes to Make You Laugh (The Best Jokes for Kids),Holli Whaling,Paperback,Independently published,yes,$7.75,4.6,1115,114,"December 3, 2022",B0BNZFV25S
US,Jokes & riddles,8,"Awesome Jokes That Every 6 Year Old Should Know!: Bucketloads of rib ticklers, tongue twisters and side splitters (Awesome Jokes for Kids)",Mat Waugh,Paperback,Big Red Button Books,yes,$6.99,4.6,10111,70,"March 30, 2018",1999914724
US,Jokes & riddles,9,Dad Jokes for New Dads: The Ultimate New Dad Christmas Gift to Embarrass Your Kids Early with 500+ Jokes!,Jimmy Niro,Paperback,Sourcebooks,no,$6.50,4.7,1573,160,"May 1, 2020",1728205298
US,Jokes & riddles,10,Wititudes 2027 Day-to-Day Calendar: I'm smiling. That alone should scare you.,Wititudes,Calendar,Andrews McMeel Publishing,no,$13.67,5.0,14,640,"July 14, 2026",B0GF9HNXCS
US,Jokes & riddles,11,1000 Funny Memes,Zach Anthony,Kindle Edition,,,$3.99,4.2,8,888,"September 21, 2026",B0HKH9ZQH1
US,Jokes & riddles,12,The Complete Far Side,Gary Larson,Paperback,Andrews McMeel Publishing,no,$65.22,4.9,5008,1278,"November 25, 2014",1449460046
US,Jokes & riddles,13,"On Jokes (or, why everything you know about comedy is wrong): The Hidden Mechanics of Funny",Jimmy Carr,Hardcover,Arcadia,no,$30.00,,,384,"October 20, 2026",1529454220
US,Jokes & riddles,14,Big Book of 1000 Funny Memes,Zach Anthony,Kindle Edition,,,$3.99,4.0,47,961,"June 11, 2026",B0H4X2HCDY
US,Jokes & riddles,15,"Surgery Recovery Activity Book for Unstoppable Men: A Thoughtful Surgery Recovery Gift with Relaxing, Low-Pressure Activities to Make Healing a Little ... and More (Surgery Recovery Gift Books)",Sunny Wilder,Paperback,Carbon Inkworks,yes,$14.97,4.7,111,108,"March 24, 2026",1965421083
US,Jokes & riddles,16,Awesome Book of 1000 Funny Memes,Zach Anthony,Kindle Edition,,,$3.99,4.5,14,978,"September 14, 2026",B0HJR4FQYF
US,Jokes & riddles,17,"Advent Calendar 2026: 24-Day Christmas Countdown Book with Festive Puns & Classic Groaners | The Ultimate Holiday Gag Gift, Stocking Stuffers & Secret Santa Idea.",Justin Fun,Paperback,Independently published,yes,$14.99,4.4,121,50,"July 28, 2026",B0HD5T1W38
US,Jokes & riddles,18,"Hilarious Jokes For 7 Year Old Kids: An Awesome LOL Gag Book For Young Boys and Girls Filled With Tons of Tongue Twisters, Rib Ticklers, Side Splitters, and Knock Knocks",Hayden Fox,Paperback,Independently published,yes,$9.99,4.7,2918,111,"May 4, 2020",B0883YH7BY
US,Jokes & riddles,19,Murphy’s Law Book for kids 9-12 years old.: Funny Lessons from Life’s Oops Moments With Fun Comics and Kid-Friendly Tips.,Fun Crab Publishing,Paperback,Fun Crab Publishing,yes,$15.79,4.9,10,72,"March 11, 2026",8368687039
US,Jokes & riddles,20,"Hilarious Jokes For 8 Year Old Kids: An Awesome LOL Gag Book For Young Boys and Girls Filled With Tons of Tongue Twisters, Rib Ticklers, Side Splitters, and Knock Knocks",Hayden Fox,Paperback,Independently published,yes,$9.99,4.7,3065,111,"April 15, 2020",B0875SQT57
US,Jokes & riddles,21,The Office Answer Wheel: Give It a Spin! (RP Minis),Shaenon K. Garrity,Paperback,,,$7.70,4.5,540,,,0762499427
US,Jokes & riddles,22,"Hilarious Jokes For 6 Year Old Kids: An Awesome LOL Gag Book For Young Boys and Girls Filled With Tons of Tongue Twisters, Rib Ticklers, Side Splitters, and Knock Knocks",Hayden Fox,Paperback,,,$9.99,4.7,2315,,,B087SCHNBF
US,Jokes & riddles,23,The Big Book of 5660 Funny Memes: A Massive Collection of Internet Jokes and Laughs,Zach Anthony,Kindle Edition,,,$5.99,4.7,8,,,B0H2SBK3M7
US,Jokes & riddles,24,Math Riddles For Smart Kids: Math Riddles And Brain Teasers That Kids And Families Will love (Thinking Books for Kids),M Prefontaine,Paperback,,,$9.49,4.6,3560,,,1975644034
US,Jokes & riddles,25,Laugh-Out-Loud Jokes for Kids: Silly Children’s Birthday and Holiday Gift for Kids Ages 7-10,Rob Elliott,Paperback,,,$5.58,4.6,12330,,,0800788036
US,Jokes & riddles,26,Big Book of 101 Funny Memes,Zach Anthony,Kindle Edition,,,$1.99,4.0,8,,,B0HKP9FC2G
US,Jokes & riddles,27,"Hilarious Jokes For 9 Year Old Kids: An Awesome LOL Gag Book For Tween Boys and Girls Filled With Tons of Tongue Twisters, Rib Ticklers, Side Splitters, and Knock Knocks",Hayden Fox,Paperback,,,$9.99,4.7,2680,,,B088JKJ7C1
US,Jokes & riddles,28,Huge Book of 1000 Funny Memes,Zach Anthony,Kindle Edition,,,$3.99,4.2,30,,,B0HG75HJNR
US,Jokes & riddles,29,"Star Wars Dad Jokes: The Best Worst Jokes and Puns from a Galaxy Far, Far Away . . . .",Kelly Knox,Hardcover,,,$10.00,4.8,603,,,1797227459
US,Jokes & riddles,30,"Reader's Digest Laughter is the Best Medicine: All Time Favorites: The funniest jokes, stories, and cartoons from 100 years of Reader's Digest (Laughter Medicine)",Reader's Digest,Paperback,,,$9.99,4.6,639,,,1621455963
US,Humor: parenting & families,1,ADHD is Awesome: A Guide To (Mostly) Thriving With ADHD,Penn Holderness,Hardcover,Harper Horizon,no,$16.68,4.7,1813,320,"April 30, 2024",1400338611
US,Humor: parenting & families,2,Go the F*ck to Sleep,Adam Mansbach,Hardcover,"Akashic Books, Ltd.",no,$15.00,4.8,24156,32,"June 14, 2011",1617750255
US,Humor: parenting & families,3,What in the World?!: A Southern Woman's Guide to Laughing at Life's Unexpected Curveballs and Beautiful Blessings,Leanne Morgan,Audible Audiobook,,,$17.72,4.7,3731,,"September 24, 2024",B0CTNTJWR7
US,Humor: parenting & families,4,"The Official We Do Not Care Club Handbook: A Hot-Mess Guide for Women in Perimenopause, Menopause, and Beyond Who Are Over It ― A Bestselling Women's Health Manual",Melani Sanders,Hardcover,Harvest,no,$8.78,4.7,1229,256,"January 13, 2026",0063492636
US,Humor: parenting & families,5,There Are Moms Way Worse Than You: Irrefutable Proof That You Are Indeed a Fantastic Parent,Glenn Boozan,Hardcover,Workman Publishing Company,no,$7.97,4.8,5794,64,"March 29, 2022",1523515643
US,Humor: parenting & families,6,The Best of Me,David Sedaris,Kindle Edition,,,$1.99,4.6,5887,401,"November 3, 2020",B089SPTBWX
US,Humor: parenting & families,7,Let's Pretend This Never Happened,Jenny Lawson,Kindle Edition,,,$1.99,4.4,14651,383,"April 17, 2012",B0065S8R38
US,Humor: parenting & families,8,Dad Jokes: Over 600 of the Best (Worst) Jokes Around and Perfect Christmas Gag Gift for All Ages!,Jimmy Niro,Paperback,Sourcebooks,no,$5.73,4.7,9506,160,"May 1, 2018",1492675377
US,Humor: parenting & families,9,Stuck With You: A Slow Burn Grumpy Sunshine Single Mom Romance,Stacy Williams,Kindle Edition,,,$4.99,4.4,2163,439,"September 15, 2025",B0FLWT6LKC
US,Humor: parenting & families,10,Happy-Go-Lucky,David Sedaris,Kindle Edition,,,$2.99,4.6,8172,273,"May 31, 2022",B09HQLFMVV
US,Humor: parenting & families,11,Me Talk Pretty One Day,David Sedaris,Audible Audiobook,,,$15.69,4.2,9910,,"June 30, 2000",B0000547MZ
US,Humor: parenting & families,12,The Calvin and Hobbes Portable Compendium Set 2 (Volume 2),Bill Watterson,Paperback,Andrews McMeel Publishing,no,$10.18,4.9,460,288,"March 5, 2024",1524888044
US,Humor: parenting & families,13,Why My Third Husband Will Be a Dog: The Amazing Adventures of an Ordinary Woman,Lisa Scottoline,Kindle Edition,,,$3.99,4.3,640,303,"November 18, 2009",B002XJBB18
US,Humor: parenting & families,14,That's The Way It Was In... 1981,Carolyn Brown,Kindle Edition,,,$4.99,3.5,57,123,"September 6, 2026",B0HGRV572K
US,Humor: parenting & families,15,"I'd Like to Play Alone, Please: Essays",Tom Segura,Audible Audiobook,,,$6.99,4.7,4308,,"June 14, 2022",B09QXQPS1M
US,Humor: parenting & families,16,How Not to Hate Your Husband After Kids,Jancee Dunn,Audible Audiobook,,,$6.99,4.5,3466,,"March 21, 2017",B06XK5GSBL
US,Humor: parenting & families,17,There Are Dads Way Worse Than You: Unimpeachable Evidence of Your Excellence as a Father,Glenn Boozan,Hardcover,Workman Publishing Company,no,$7.65,4.8,1394,64,"April 2, 2024",1523524332
US,Humor: parenting & families,18,Claiming Victory: A Romantic Comedy (The Shackleford Diaries Book 1),Beverley Watts,Kindle Edition,,,$3.99,4.2,7694,218,"December 10, 2014",B00QUAB6KW
US,Humor: parenting & families,19,Blowing Up!: The Complete 2024 Zits Collection,Jim Borgman,Kindle Edition,,,$11.99,,,208,"September 29, 2026",B0GZ98WDR2
US,Humor: parenting & families,20,Everything Everywhere...: A Baby Blues Collection,Rick Kirkman,Kindle Edition,,,$9.99,4.9,136,208,"October 8, 2024",B0D9346F3J
US,Humor: parenting & families,21,Dress Your Family in Corduroy and Denim,David Sedaris,Audible Audiobook,,,$20.59,4.4,4457,,,B0002P0FVW
US,Humor: parenting & families,22,The Role of Mom Will Be Played By: The Year I Had a Baby and Became Myself,Shawna Lander,Audible Audiobook,,,$15.63,,,,,B0HC6TL56Z
US,Humor: parenting & families,23,"The Baby Owner's Manual: Operating Instructions, Trouble-Shooting Tips, and Advice on First-Year Maintenance (Owner's and Instruction Manual)",Louis Borgenicht,Paperback,,,$11.99,4.7,4686,,,1594745978
US,Humor: parenting & families,24,Just My Luck: Chaotic Stories on Modern Fatherhood,Danny Pellegrino,Hardcover,,,$27.00,,,,,1419792814
US,Humor: parenting & families,25,Star Wars Goodnight Darth Vader,Jeffrey Brown,Hardcover,,,$9.04,4.8,2882,,,1452128308
US,Humor: parenting & families,26,"Dude, You're Gonna Be a Dad!: How to Get (Both of You) Through the Next 9 Months",John Pfeiffer,Paperback,,,$8.18,4.4,3239,,,1440505365
US,Humor: parenting & families,27,Power of the D*ck: How to Flip the Script on Any Woman You Desire: How to Flip the Script on Any Woman You Desire,Fillmore Slim,Audible Audiobook,,,$10.26,4.1,14,,,B0CDDPJXZV
US,Humor: parenting & families,28,"Star Wars Dad Jokes: The Best Worst Jokes and Puns from a Galaxy Far, Far Away . . . .",Kelly Knox,Hardcover,,,$10.00,4.8,603,,,1797227459
US,Humor: parenting & families,29,My Bleeping Family Mad Libs: World's Greatest Word Game (Adult Mad Libs),Molly Reisner,Paperback,,,$5.57,4.6,3794,,,0843172851
US,Humor: parenting & families,30,"What Doesn't Kill You Makes You Hotter: How I Lost a Husband, Gained a Lawyer, and Found Myself",Laura Clery,Audible Audiobook,,,$18.37,4.6,208,,,B0FZ8GKD75
US,Kids chapter books & readers,1,"Biscuit Visits the Pumpkin Patch: A Fun and Friendly Adventure for Toddlers Celebrating Fall, Halloween, and Pumpkin Picking",Alyssa Satin Capucilli,Board book,HarperCollins,no,$4.74,4.8,2574,16,"July 27, 2004",0060094664
US,Kids chapter books & readers,2,"It's Pumpkin Day, Mouse!: An Adorable Picture Book, Perfect for Autumn and Halloween Reading (If You Give...)",Laura Numeroff,Board book,HarperCollins,no,$5.70,4.8,2568,24,"July 24, 2012",069401429X
US,Kids chapter books & readers,3,Pete the Cat 12-Book Phonics Fun!: A Box of 12 Mini-Books Featuring Short and Long Vowel Sounds – Expert-Reviewed Beginning Readers for Kids (Ages 3-6) (I Can Read Phonics Fun),James Dean,Paperback,HarperCollins,no,$8.34,4.7,12446,144,"January 3, 2017",0062404520
US,Kids chapter books & readers,4,"Bob Books - Set 1: Beginning Readers Box Set | Phonics, Ages 4 and up, Kindergarten (Stage 1: Starting to Read)",Bobby Lynn Maslen,Paperback,Scholastic Inc.,no,$11.29,4.8,23671,144,"May 1, 2006",0439845009
US,Kids chapter books & readers,5,Chicka Chicka Boom Boom,Bill Martin Jr.,Board book,Little Simon,no,$4.46,4.9,41859,36,"August 28, 2012",1442450703
US,Kids chapter books & readers,6,Pinkalicious 12-Book Phonics Fun!: Includes 12 Mini-Books Featuring Short and Long Vowel Sounds – Early Reader Collection for Sight Words and Literacy Development (Ages 3-6) (I Can Read Phonics Fun),Victoria Kann,Paperback,HarperCollins,no,$7.48,4.7,4163,144,"June 23, 2015",0062352156
US,Kids chapter books & readers,7,Junie B. Jones First Boxed Set Ever!: Books 1-4,Barbara Park,Paperback,,,$10.58,4.8,21167,,,0375813616
US,Kids chapter books & readers,8,The Beginner's Bible: Timeless Children's Stories,The Beginner's Bible,Hardcover,,,$12.64,4.9,29097,,,031075013X
US,Kids chapter books & readers,9,Disney Minnie Mouse - I'm Ready to Read with Minnie Sound Book - PI Kids,Editors of Phoenix International Publications,Hardcover,,,$7.91,4.8,16749,24,,1450862772
US,Kids chapter books & readers,10,"The One and Only Ivan: A Gentle Friendship Story About Patience, Kindness, and Everyday Adventures Together",Katherine Applegate,Paperback,,,$6.00,4.8,28982,,,0061992275
US,Kids chapter books & readers,11,Fancy Nancy Collector's Quintet (I Can Read Level 1),Jane O'Connor,Paperback,,,$6.31,4.8,619,,,0061719056
US,Kids chapter books & readers,12,The Giving Tree,Shel Silverstein,Hardcover,,,$10.58,4.8,37076,,,0060256656
US,Kids chapter books & readers,13,The Fat Cat Sat on the Mat: A Silly Rhyming Animal Story for Children (Ages 4–8) (I Can Read Level 1),Nurit Karlin,Paperback,,,$5.58,4.5,3766,,,0064442462
US,Kids chapter books & readers,14,There Was an Old Lady Who Swallowed Some Leaves!,Lucille Colandro,Paperback,,,$5.00,4.8,2714,,,0545241987
US,Kids chapter books & readers,15,The Mouse and the Motorcycle: A Charming Animal Adventure About Friendship and a Motorcycle Ride,Beverly Cleary,Paperback,,,$5.71,4.7,5613,,,0380709244
US,Kids chapter books & readers,16,Happy Birthday to You!,Dr. Seuss,Hardcover,,,$9.42,4.8,17894,64,,0394800761
US,Kids chapter books & readers,17,The Secret of the Hidden Scrolls: The Complete Series,M. J. Thomas,Paperback,,,$52.38,4.9,1069,,,1546000429
US,Kids chapter books & readers,18,"The Lemonade War: Siblings Evan and Jessie wage a five-day lemonade-stand rivalry―a witty, heartfelt tale of math, business, and family for ages 8-12. (The Lemonade War Series, 1)",Jacqueline Davies,Paperback,,,$6.27,4.7,4929,,,0547237650
US,Kids chapter books & readers,19,Pete the Cat Screams for Ice Cream!: A Fun Picture Book About Helping Friends and Learning That It's Cool to Be Kind for Kids (Ages 4-8),James Dean,Kindle Edition,,,$14.99,4.7,1062,,,B0CM26C9MT
US,Kids chapter books & readers,20,"The Lion, the Witch and the Wardrobe: Classic Fantasy Tale for Kids",C. S. Lewis,Paperback,,,$6.27,4.7,22797,,,0064471047
US,Kids chapter books & readers,21,"Pete the Cat: Rock On, Mom and Dad!: Includes Stickers, a Poster, and Cards! — A Groovy Story for Kids (Ages 4-8) for Mother's Day",James Dean,Kindle Edition,,,$0.99,4.6,1189,,,B00L19M22S
US,Kids chapter books & readers,22,Frog and Toad Are Friends: A Beloved Early Reader About Friendship and Small Everyday Adventures in All Seasons,Arnold Lobel,Paperback,,,$3.50,4.8,4574,,,0064440206
US,Kids chapter books & readers,23,Unicorn Academy: Rainbow of Adventure Boxed Set (Books 1-4),Julie Sykes,Paperback,,,$10.40,4.8,6062,,,059330151X
US,Kids chapter books & readers,24,Green Eggs and Ham,Dr. Seuss,Hardcover,,,$5.98,4.9,27427,,,0394800168
US,Kids chapter books & readers,25,Sideways Stories from Wayside School: A Funny and Clever Chapter Book About School Adventures for Children (Ages 8-12),Louis Sachar,Paperback,,,$6.99,4.7,5114,,,0380698714
US,Kids chapter books & readers,26,"Pete the Cat: Pete at the Beach: A Fun Story of Shells, Sand Castles, and Overcoming Water Worries For Kids Ages 3–8 (My First I Can Read)",James Dean,Kindle Edition,,,$2.99,4.6,9568,,,B009R4M2D8
US,Kids chapter books & readers,27,Amelia Bedelia Chapter Book 4-Book Box Set: Books 1-4,Herman Parish,Paperback,,,$18.33,4.8,8942,,,0062334204
US,Kids chapter books & readers,28,Little Critter: Monster Truck: A Fun Story about Monster Trucks for Children (Ages 4-8) (My First I Can Read),Mercer Mayer,Paperback,,,$4.79,4.9,1002,,,006243148X
US,Kids chapter books & readers,29,Chronicles of Narnia Box Set,C. S. Lewis,Paperback,,,$36.49,4.8,32197,,,0061992887
US,Kids chapter books & readers,30,"You are an Amazing Girl: A Collection of Inspiring Stories about Courage, Friendship, Inner Strength and Self-Confidence (Motivational Books for Children)",Nadia Ross,Paperback,,,$8.51,4.8,7622,,,B09LB1QFP6
US,Word search,1,"Kill Grid Volume 1 | Murder Mystery Word Search: 120 Connected Detective Crime Cases for Adults & Teens | Follow the Clues, Unmask the Killer | Whodunit Word Find Puzzle Book, Gift for Mystery Lovers",Hazel Woods,Paperback,Independently published,yes,$9.99,4.7,49,137,"July 6, 2026",B0H7S181HY
US,Word search,2,"The Killer Isn't Alice: The 46,600 Suspect Murder Mystery Puzzle",Iris Starling,Paperback,Independently published,yes,,4.5,1937,211,"February 22, 2026",B0GQ2VXKY7
US,Word search,3,"Brain Games - 3-In-1 Puzzle Book: Word Search, Crosswords & Sudoku | 256 Pages, Spiral Bound | Large Variety Activity Book for Adults, Seniors, Teens",Publications International Ltd.,,"Publications International, Ltd.",no,$14.52,4.7,2396,256,"August 1, 2016",168022588X
US,Word search,4,Brain Games - Large Print Bible Word Search: The Words of Jesus (Brain Games - Bible),Publications International Ltd.,,"Publications International, Ltd.",no,$9.00,4.8,3142,192,"November 15, 2021",1645587754
US,Word search,5,Cozy Autumn Word Search for Adults: Large Print Word Puzzles for Fall Tranquility and Relaxation (Word Find Books For Adults),TG Edition,Paperback,TG Edition,yes,$13.99,4.6,284,105,"July 24, 2025",B0FJVFSFPS
US,Word search,6,Large Print Merriam-Webster Puzzles 10 Booklet Set (Brain Games Large Print),Publications International Ltd.,Paperback,"Publications International, Ltd.",no,$9.77,4.6,4041,320,"August 25, 2014",1450890598
US,Word search,7,"Big Book of Large Print Word Search Puzzles: 5000 Words - 224 Themed Puzzles - For Adults, Seniors, and Teens (Large Print Puzzle Gifts for Men and Women)",Martin Littlewolf,Paperback,Independently published,yes,$4.99,4.7,3292,114,"July 19, 2024",B0D9TGNKKG
US,Word search,8,"The Easy and Relaxing Memory Activity Book for Adults: Includes Relaxing Memory Activities, Easy Puzzles, Brain Games and More",J. D. Kinnest,Paperback,Lomic Books,no,$9.99,4.5,6299,154,"February 14, 2020",1988923182
US,Word search,9,"Huge Book of Large Print Word Search: 9000 Words - 224 Puzzles - Varied Themes - Big Print Word Finds For Adults, Seniors, and Teens (Large Print Puzzle Gifts for Men and Women)",Martin Littlewolf,Paperback,Independently published,yes,$6.99,4.7,1964,115,"September 27, 2024",B0DJ8KQRQN
US,Word search,10,Nostalgic Word Search for Adults & Seniors: Large Print Word Puzzles for Sparking Memories and Staying Sharp (Word Find Books For Adults),TG Edition,Paperback,TG Edition,yes,$14.99,4.7,543,104,"August 20, 2025",B0FNJTX8BG
US,Word search,11,Easy Jumbo Word Search for Seniors: Extra Large Print Word Puzzles for Relaxation and an Active Mind (Word Find Books For Adults),TG Edition,Paperback,TG Edition,yes,$14.99,4.8,487,157,"September 16, 2025",B0FPP68P5H
US,Word search,12,The Killer Never Checked In: Find the Killer Among 3000 Guest Records & 24 Clues -- Murder Mystery Crime Puzzle Book for Adults & Teens,KRW Media Publishing,Paperback,Independently published,yes,$6.99,3.9,64,178,"July 2, 2026",B0H7FCXP4V
US,Word search,13,"4000 Big Word Search Book for Adults and Seniors with 100 Puzzles: Large Print WordFind to Sharpen Focus, Boost Vocabulary & Relax (The Perfect Gift for Puzzle Lovers) (Gifts for Men & Women)",Rody Publishing,Paperback,Independently published,yes,$10.90,4.8,613,122,"July 26, 2025",B0FDQSKY8R
US,Word search,14,Ultimate Mind Games: With Over 400 Puzzles (Brain Busters),Parragon Books,Paperback,Cottage Door Press,no,$7.43,4.3,4847,384,"September 16, 2018",1680524712
US,Word search,15,Calming Mindfulness Word Search for Adults: Large Print Word Puzzles for Relaxation and Anxiety Relief (Word Find Books For Adults),TG Edition,Paperback,TG Edition,yes,$13.99,4.7,153,105,"December 17, 2025",B0G8DTH633
US,Word search,16,Murder Among the Stacks: Book 1: Solve the Puzzles―and the Plot of a Cozy Bookstore Mystery! (A Cranberry Creek Word Search Mystery),Rosie A. Point,Paperback,Adams Media,no,$11.98,4.6,285,128,"November 25, 2025",150722527X
US,Word search,17,Brain Games - Relax and Solve: Word Search (Toile),Publications International Ltd.,,"Publications International, Ltd.",no,$8.54,4.8,1315,192,"September 29, 2020",1645584070
US,Word search,18,Brain Games - Calm: Word Search Puzzles - Large Print (Brain Games Large Print),Publications International Ltd.,,"Publications International, Ltd.",no,$9.00,4.8,992,192,"July 30, 2024",1639385800
US,Word search,19,"CRIMESEARCH | The Ultimate Murder Mystery & Crime Word Search Book: Solve 120 Detective Cases of Homicides, Heists and Espionage for Adults | Find Hidden Clues and Crack Secret Codes | Volume 1",Kelly A. Mayer,Paperback,CrimeSearch Puzzles,yes,$12.99,4.6,244,156,"May 13, 2026",1996805045
US,Word search,20,"New Word Search Book for Adults: Large Print Word Find Puzzles for Seniors with 10000 Unique Words, Endless Themes to Explore",My Brain Is Busy,Paperback,Independently published,yes,$9.99,4.7,563,122,"October 2, 2025",B0FTWW8XTL
US,Word search,21,Large Print Bible Word Search Puzzle Book: Over 200 Puzzles to Complete with Solutions - Include Spiral Bound / Lay Flat Design and Large to ... for Inspirational Word Finds (Brain Busters),Cottage Door Press,Paperback,,,$7.99,4.8,1770,,,1646380223
US,Word search,22,"Autumn Word Search for Adults Large Print: 2000 Words - 84 Themed Puzzles - Cozy Fall Word Find Book for Adults, Seniors, & Teens. (Large Print Puzzle Gifts for Men and Women)",Martin Littlewolf,Paperback,,,$5.99,4.8,435,,,B0DDCTH2DS
US,Word search,23,"2200+ Words, Halloween Word Search Puzzles For Adults: A Fun And Spooky Halloween Themed Word Find Puzzles Book For Senior & Teens, Holiday Wordsearch Large Print With Solutions",Orion Puzzling,Paperback,,,$6.99,4.7,114,,,B0FJMBFLQQ
US,Word search,24,"Sopa de Letras en Español - Letra Grande: 5000 Palabras - 224 Puzles - Para Adultos, La Abuela, Adolescentes, y Todos - Spanish Word Search Book Large ... Palabras Para Adultos) (Spanish Edition)",Martin Littlewolf,Paperback,,,$5.99,4.8,484,,,B0DZ2439GN
US,Word search,25,Spooky Halloween Word Search for Adults: Large Print Word Puzzles for Halloween Fun and Relaxation (Word Find Books For Adults),TG Edition,Paperback,,,$13.99,4.8,79,,,B0FKKRXLYL
US,Word search,26,"Brain Games - To Go - 3-in-1: Word Search, Sudoku, Crosswords",Publications International Ltd.,,,,$9.30,4.6,49,,,B0FT7F376S
US,Word search,27,"The Ultimate Book of Mixed Puzzles: More than 450 Puzzles for Adults Including Word Searches, Crosswords, Sudoku, Mazes and More! (Part of the Brain Busters Puzzle Collection)",Parragon Books,Paperback,,,$9.89,4.3,1294,,,1646380169
US,Word search,28,Brain Games - Large Print Bible Word Search: Psalms (Brain Games - Bible),Publications International Ltd.,,,,$9.00,4.9,1755,,,164558500X
US,Word search,29,Large Print Word Search Puzzles: Over 200 Puzzles for Adults to Complete with Solutions - Include Spiral Bound / Lay Flat Design and Large to Extra-Large Font for Word Finds (Brain Busters),Parragon Books,,,,$9.20,4.8,7712,,,1680524879
US,Word search,30,Mindfulness Word Search Book - Spiral-Bound Puzzle Multi-Level Word Search Book for Adults Including More Than 400 Puzzles; Puzzles for Self-Care and a Zen Mind (Brain Busters),Parragon Books,,,,$9.89,4.6,613,,,B0CCVBR8XF
US,Puzzles,1,Murdoku: 80 Murder Mystery Logic Puzzles,Manuel Garand,Paperback,Puzzlewright Press,no,$11.54,4.7,1024,208,"October 28, 2025",1454961791
US,Puzzles,2,Murdoku Volume 2: Back in Time: 80 Murder Mystery Logic Puzzles,Manuel Garand,Paperback,Puzzlewright Press,no,$9.78,4.8,570,224,"May 19, 2026",1454961805
US,Puzzles,3,Murdle: Volume 1,G T Karber,Paperback,Griffin,no,$12.48,4.5,7691,384,"June 13, 2023",1250892317
US,Puzzles,4,"The Killer Isn't Alice: The Bestselling Murder Mystery Puzzle Book - 46,600 Suspects, 1 Killer. Can You Solve the Crime?",Iris Starling,Paperback,"Little, Brown and Company",no,$15.18,4.5,1937,224,"September 1, 2026",0316616184
US,Puzzles,5,A Beginner's Guide to American Mah Jongg: How to Play the Game & Win,Elaine Sandberg,Paperback,Tuttle Publishing,no,$11.00,4.7,4510,128,"June 15, 2007",080483878X
US,Puzzles,6,"The Big Book of Sudoku: Over 500 Puzzles & Solutions, Easy to Hard Puzzles for Adults (Brain Busters)",Parragon Books,,Cottage Door Press,no,$9.31,4.8,8680,384,"September 12, 2018",1680524755
US,Puzzles,7,Brain Games - Scavenger Hunt Puzzles,Publications International Ltd.,,"Publications International, Ltd.",no,$8.82,4.4,2564,160,"December 16, 2023",164558254X
US,Puzzles,8,"Puzzle Mania!: Wordle, Connections, Spelling Bee, Minis and More! (New York Times Games Books)",The New York Times Games,Hardcover,Authors Equity,no,$19.00,4.8,520,224,"October 21, 2025",B0DXD5JSLL
US,Puzzles,9,"Brain Games - 3-In-1 Puzzle Book: Word Search, Crosswords & Sudoku | 256 Pages, Spiral Bound | Large Variety Activity Book for Adults, Seniors, Teens",Publications International Ltd.,,"Publications International, Ltd.",no,$14.52,4.7,2396,256,"August 1, 2016",168022588X
US,Puzzles,10,"The Ultimate Fun Adult Activity Book: Logic Puzzles, Sudoku, Mazes, Word Searches, Crosswords, Acrostics, Coloring, and More!",Julie Demyanovich,Paperback,Zeitgeist,no,$9.99,4.3,478,192,"November 26, 2024",0593886453
US,Puzzles,11,Brain Games - Large Print Bible Word Search: The Words of Jesus (Brain Games - Bible),Publications International Ltd.,,"Publications International, Ltd.",no,$9.00,4.8,3142,192,"November 15, 2021",1645587754
US,Puzzles,12,Cozy Autumn Word Search for Adults: Large Print Word Puzzles for Fall Tranquility and Relaxation (Word Find Books For Adults),TG Edition,Paperback,TG Edition,yes,$13.99,4.6,284,105,"July 24, 2025",B0FJVFSFPS
US,Puzzles,13,Large Print Merriam-Webster Puzzles 10 Booklet Set (Brain Games Large Print),Publications International Ltd.,Paperback,"Publications International, Ltd.",no,$9.77,4.6,4041,320,"August 25, 2014",1450890598
US,Puzzles,14,Disney Dreams Collection Thomas Kinkade Studios Coloring Book,Thomas Kinkade,Paperback,Andrews McMeel Publishing,no,$7.03,4.7,33076,128,"September 19, 2017",1449483186
US,Puzzles,15,The Killer Never Checked In: Find the Killer Among 3000 Guest Records & 24 Clues -- Murder Mystery Crime Puzzle Book for Adults & Teens,KRW Media Publishing,Paperback,Independently published,yes,$6.99,3.9,64,178,"July 2, 2026",B0H7FCXP4V
US,Puzzles,16,"The Official SCRABBLE Players Dictionary, 7th Ed.",Merriam-Webster,Mass Market Paperback,Merriam-Webster,no,$7.79,4.7,4377,752,"November 25, 2022",0877795959
US,Puzzles,17,Large Print Memory Puzzles: 175+ Puzzles and Activities for Adults to Exercise Memory and Improve Focus - Includes Spiral Bound / Lay Flat Design and ... Font for Easy Reading (Brain Busters),Parragon Books,,Cottage Door Press,no,$10.85,4.6,776,240,"September 18, 2023",1646385039
US,Puzzles,18,Brain Games - Cold Case Puzzles,Publications International Ltd.,,"Publications International, Ltd.",no,$9.00,4.3,3688,192,"December 1, 2019",1645580601
US,Puzzles,19,"Easy - Medium Crossword Puzzle Book For Adults and Seniors - 100 Big Font Puzzles: Engaging Challenges to Boost Your Focus and Keep Your Eyes Relaxed ... of Fun, Perfect Gift for Cross word Lover",Sharpness Ink,Paperback,Independently published,yes,$10.99,4.5,285,117,"October 28, 2025",B0FY2YC986
US,Puzzles,20,Ultimate Mind Games: With Over 400 Puzzles (Brain Busters),Parragon Books,Paperback,Cottage Door Press,no,$7.43,4.3,4847,384,"September 16, 2018",1680524712
US,Puzzles,21,Murder Among the Stacks: Book 1: Solve the Puzzles―and the Plot of a Cozy Bookstore Mystery! (A Cranberry Creek Word Search Mystery),Rosie A. Point,Paperback,,,$11.98,4.6,285,,,150722527X
US,Puzzles,22,Brain Games - Relax and Solve: Word Search (Toile),Publications International Ltd.,,,,$8.54,4.8,1315,,,1645584070
US,Puzzles,23,Brain Games - To Go - Sudoku,Publications International Ltd.,,,,$8.29,4.8,1877,,,1640303642
US,Puzzles,24,"Pocket Puzzle Sudoku: Puzzles for Sharp Mind, Smaller Travel Sized (Brain Busters)",Parragon Books,,,,$7.45,4.8,254,,,B0CGSYFFSM
US,Puzzles,25,"Easy Crossword Puzzle Books For Adults and Seniors - 100 Big Font, Eye-Friendly Puzzles: Engaging Challenges to Boost Your Focus and Keep Your Eyes ... of Fun, Perfect Gift for Cross word Lover",Sharpness Ink,Paperback,,,$10.99,4.6,411,,,B0FRYTWJM1
US,Puzzles,26,"Logic Puzzles Book for Brain Fitness: 90-Day Challenge to Sharpen the Mind and Strengthen Cognitive Skills Enlarged Print, Easy to Hard! (Brain Fitness Puzzle Games)",Lana Barnes,Paperback,,,$6.39,4.4,214,,,0593885783
US,Puzzles,27,Taylor Swift: Unofficial Search-and-Find Biographies,Gus Morais,Hardcover,,,$9.99,4.8,567,,,1400349206
US,Puzzles,28,Easy Origami (Dover Origami Papercraft)over 30 simple projects,John Montroll,Paperback,,,$4.95,4.6,8606,,,0486272982
US,Puzzles,29,"399 Games, Puzzles & Trivia Challenges Specially Designed to Keep Your Brain Young.",Nancy Linde,Paperback,,,$9.63,4.6,7964,,,0761168257
US,Puzzles,30,Murdoku Volume 3: Around the World: 80 Murder Mystery Logic Puzzles,Manuel Garand,Paperback,,,$15.19,,,,,1454968117
US,"Humor: love, sex & marriage",1,Forbidden to Fall: a cozy small-town romantic comedy,Martha Keyes,Kindle Edition,,,$4.99,4.5,256,334,"September 23, 2026",B0H2B8RWVR
US,"Humor: love, sex & marriage",2,The Screwtape Letters: From The Bestselling Author of the Chronicles of Narnia,C. S. Lewis,Paperback,HarperOne,no,$8.06,4.7,20700,224,"February 6, 2001",0060652934
US,"Humor: love, sex & marriage",3,Fall Fake-Out: A Sweet Romantic Comedy,Kortney Keisel,Kindle Edition,,,$4.99,4.5,543,384,"September 16, 2026",B0H28YLD3T
US,"Humor: love, sex & marriage",4,I've Got a New Complaint: Essays on Aging Disgracefully and Other Small Disasters,Laurie Notaro,Kindle Edition,,,$5.99,4.1,2550,213,"September 1, 2026",B0G7KL6PQB
US,"Humor: love, sex & marriage",5,Autumn on My Mind: a cozy fall romance,Gracie Ruth Mitchell,Kindle Edition,,,$4.99,4.2,889,378,"August 19, 2026",B0H2BG4ZTW
US,"Humor: love, sex & marriage",6,The Land and Its People: Essays,David Sedaris,Audible Audiobook,,,$23.09,4.5,2845,,"May 26, 2026",B0G7M7LJ8W
US,"Humor: love, sex & marriage",7,The Bluffing Game (Desperately Single Seeking Billionaire Book 1),J. S. Cooper,Kindle Edition,,,$5.99,4.2,103,368,"September 24, 2026",B0H78XYC2L
US,"Humor: love, sex & marriage",8,One Night with Number Nineteen (Grizzlies Hockey Book 4),Elise Faber,Kindle Edition,,,$5.99,4.5,30,327,"September 28, 2026",B0G3YBCQZ6
US,"Humor: love, sex & marriage",9,The Wrong Exit Strategy (Apparently It's Love),Laura Ashley Gallagher,Kindle Edition,,,$3.99,4.5,1029,316,"June 4, 2026",B0GTF6V5FM
US,"Humor: love, sex & marriage",10,Go the F*ck to Sleep,Adam Mansbach,Hardcover,"Akashic Books, Ltd.",no,$15.00,4.8,24156,32,"June 14, 2011",1617750255
US,"Humor: love, sex & marriage",11,None Of Your Business (Apparently It's Love),Laura Ashley Gallagher,Kindle Edition,,,$3.99,4.6,210,311,"September 17, 2026",B0H2QFKSGC
US,"Humor: love, sex & marriage",12,What in the World?!: A Southern Woman's Guide to Laughing at Life's Unexpected Curveballs and Beautiful Blessings,Leanne Morgan,Audible Audiobook,,,$17.72,4.7,3731,,"September 24, 2024",B0CTNTJWR7
US,"Humor: love, sex & marriage",13,The Best of Me,David Sedaris,Kindle Edition,,,$1.99,4.6,5887,401,"November 3, 2020",B089SPTBWX
US,"Humor: love, sex & marriage",14,The Plus One Contract (Skeptically In Love),Laura Ashley Gallagher,Kindle Edition,,,$3.99,4.4,2769,357,"May 2, 2025",B0DZYXDC2J
US,"Humor: love, sex & marriage",15,This Wasn't The Plan (Apparently It's Love),Laura Ashley Gallagher,Kindle Edition,,,$3.99,4.4,2112,352,"April 2, 2026",B0GPFLSY3Q
US,"Humor: love, sex & marriage",16,"Men Are from Mars, Women Are from Venus: The Classic Guide to Understanding the Opposite Sex ― A #1 NYT Bestselling Couples' Relationship Book",John Gray,Paperback,Harper Paperbacks,no,$13.67,4.6,16930,368,"January 6, 2004",0060574216
US,"Humor: love, sex & marriage",17,"That's a Great Question, I'd Love to Tell You: The New York Times Bestselling Illustrated Memoir on Dating, Humor, and Belonging",Elyse Myers,Kindle Edition,,,$14.99,4.3,1619,288,"October 28, 2025",B0DTF3JN75
US,"Humor: love, sex & marriage",18,Why are My Nuts in the Toilet Water? and Other Questions Older Men Need Answered,Allen F. Mahon,Paperback,CreateSpace Independent Publishing Platform,yes,$6.95,4.4,3161,34,"November 18, 2015",1519120745
US,"Humor: love, sex & marriage",19,Stuck With You: A Slow Burn Grumpy Sunshine Single Mom Romance,Stacy Williams,Kindle Edition,,,$4.99,4.4,2163,439,"September 15, 2025",B0FLWT6LKC
US,"Humor: love, sex & marriage",20,"Adult Swear Words Coloring Book: Live, Laugh, Fuck Off: Swear Words Colouring Book for Adults | Sweary Coloring Book for Stress Relief and Relaxation | Adult Coloring Book Cuss Words",Pink Stylish Press,Paperback,Independently published,yes,$9.99,4.7,6819,86,"June 22, 2021",B097X5RFM8
US,"Humor: love, sex & marriage",21,Stripped Down: Unfiltered and Unapologetic – A Modern-Day Memoir from the Trailer Parks of Vegas to Nashville and Podcast Stardom,Bunnie Xo,Hardcover,,,$15.23,4.8,9871,,,0063445190
US,"Humor: love, sex & marriage",22,Tangled with the Tight End (Tennessee Thunder Football Book 1),Savannah Scott,Kindle Edition,,,$4.99,4.6,244,,,B0DD3DZWXC
US,"Humor: love, sex & marriage",23,Charge of the Lawless Lizards (Jackrabbit Junction Humorous Mystery Book 7),Ann Charles,Kindle Edition,,,$7.99,4.7,53,,,B0HJ3ZG3VT
US,"Humor: love, sex & marriage",24,"Tethered Love: An Accidental Pregnancy, Cowboy Romance (Silver Saddle Ranch Book 3)",Ann  Einerson,Kindle Edition,,,$4.99,4.4,1333,,,B0GHJQ5NJT
US,"Humor: love, sex & marriage",25,Four Week Fiancé: Ten Year Anniversary Special Edition (Always Loving You Book 1),J. S. Cooper,Kindle Edition,,,$0.99,3.8,98,,,B0GX32LDLV
US,"Humor: love, sex & marriage",26,Diamonds Are a Girl's Best Friend: A Marriage of Convenience Sports Romcom (Catching Feelings Book 1),Kate Watson,Kindle Edition,,,$5.99,4.6,1531,,,B0DP69DD4T
US,"Humor: love, sex & marriage",27,Let That Sh*t Go: A Journal for Leaving Your Bullsh*t Behind and Creating a Happy Life,Monica Sweeney,Paperback,,,$8.52,4.6,32239,,,1250181909
US,"Humor: love, sex & marriage",28,Why My Third Husband Will Be a Dog: The Amazing Adventures of an Ordinary Woman,Lisa Scottoline,Kindle Edition,,,$3.99,4.3,640,,,B002XJBB18
US,"Humor: love, sex & marriage",29,Say You Love Me: Ten Year Anniversary Special Edition (Always Loving You Book 2),J. S. Cooper,Kindle Edition,,,$0.99,4.0,57,,,B0H3R4T8MZ
US,"Humor: love, sex & marriage",30,Blind Date,Sandi Lynn,Kindle Edition,,,$5.99,4.6,1341,,,B0H4RYLS3W
US,Kids activity books,1,Paint by Sticker Kids (Official): Halloween: Create 10 Pictures One Sticker at a Time! Includes Glow-in-the-Dark Stickers,Workman Publishing,Paperback,Workman Kids,no,$5.21,4.8,3489,44,"September 3, 2019",1523506148
US,Kids activity books,2,"Biscuit Visits the Pumpkin Patch: A Fun and Friendly Adventure for Toddlers Celebrating Fall, Halloween, and Pumpkin Picking",Alyssa Satin Capucilli,Board book,HarperCollins,no,$4.74,4.8,2574,16,"July 27, 2004",0060094664
US,Kids activity books,3,Little Blue Truck's Halloween: A Fun And Interactive Lift-the-Flap Book For Kids Celebrating Halloween With Little Blue Truck And Friends,Alice Schertle,Board book,Clarion Books,no,$7.43,4.9,15149,16,"July 5, 2016",0544772539
US,Kids activity books,4,"It's Pumpkin Day, Mouse!: An Adorable Picture Book, Perfect for Autumn and Halloween Reading (If You Give...)",Laura Numeroff,Board book,HarperCollins,no,$5.70,4.8,2568,24,"July 24, 2012",069401429X
US,Kids activity books,5,Pete the Cat 12-Book Phonics Fun!: A Box of 12 Mini-Books Featuring Short and Long Vowel Sounds – Expert-Reviewed Beginning Readers for Kids (Ages 3-6) (I Can Read Phonics Fun),James Dean,Paperback,HarperCollins,no,$8.34,4.7,12446,144,"January 3, 2017",0062404520
US,Kids activity books,6,You're My Little Baby Boo (Board Book for Babies and Toddlers 0-2 years old),Natalie Marshall,Board book,Silver Dolphin Books,no,$5.27,4.9,1255,18,"July 18, 2023",1667203266
US,Kids activity books,7,Where's Spot?: A Lift-the-Flap Book,Eric Hill,Board book,Warne,no,$5.00,4.8,36785,22,"June 30, 2003",0399240462
US,Kids activity books,8,How to Catch a Dinosaur,Adam Wallace,Hardcover,Sourcebooks Wonderland,no,$5.55,4.8,18824,40,"September 3, 2019",1492680524
US,Kids activity books,9,Jumbo Book of Hidden Pictures: Puzzle Activity Book for Kids Packed with More than 200 Hidden Pictures and Funny Seek and Find Challenges for Ages 6 and Up (Highlights Jumbo Books & Pads),Highlights,Paperback,Highlights Press,no,$5.31,4.8,11115,256,"August 22, 2017",1629798266
US,Kids activity books,10,How to Catch a Mermaid: A Summer Picture Book for Mermaid Lovers,Adam Wallace,Hardcover,Sourcebooks Wonderland,no,$5.79,4.8,35324,40,"July 17, 2018",149266247X
US,Kids activity books,11,Cozy Cuties: Coloring Book for Adults and Kids (Cozy Spaces Coloring),Coco Wyo,Paperback,Random House Books for Young Readers,no,$5.74,4.8,5519,96,"February 4, 2025",B0DQSHRG96
US,Kids activity books,12,Pete the Cat: Trick or Pete: A Fun And Interactive Lift-the-Flap Halloween Adenture Featuring Everyone's Favorite Cat,James Dean,Paperback,HarperCollins,no,$6.28,4.8,5287,16,"July 25, 2017",006219870X
US,Kids activity books,13,My First Book of Patterns Pencil Control: Patterns Practice book for kids (Pattern Writing),Wonder House Books,Paperback,Wonder House Books,no,$5.99,4.8,34139,48,"April 25, 2018",9387779319
US,Kids activity books,14,The Wonderful Things You Will Be,Emily Winfield Martin,Hardcover,Random House Books for Young Readers,no,$9.45,4.9,32883,36,"August 25, 2015",0385376715
US,Kids activity books,15,I Spy Spooky Night: A Book of Picture Riddles,Jean Marzollo,Hardcover,Cartwheel Books,no,$8.00,4.8,5019,40,"July 30, 2019",1338353136
US,Kids activity books,16,"My First BIG Toddler Coloring Book with 128 Perforated Pages of Fun Coloring Scenes Including Animals, Unicorns, Dinosaurs, Mermaids, Castles, Trucks, and More! (Start Little Learn Big Series)",Start Little Learn Big,Paperback,,,$5.99,4.8,1762,128,,1646384377
US,Kids activity books,17,Halloween Hidden Pictures Puzzles to Highlight: Halloween Kids Book with Over 300 Hidden Objects to Seek and Find in Spooky White-on-Black Puzzles with Neon Highlighter,Highlights,Paperback,Highlights Press,no,$5.04,4.6,2369,32,"July 31, 2018",168437202X
US,Kids activity books,18,Cozy Corner: Coloring Book for Adults and Kids (Cozy Spaces Coloring),Coco Wyo,Paperback,,,$5.27,4.8,2583,,,B0DSDN3M6D
US,Kids activity books,19,"Baby Einstein - My First Library Board Book Block 12-Book Set - First Words, Letters, Counting, and More! - PI Kids",Editors of Phoenix International Publications,Board book,,,$9.36,4.7,12536,120,,1503751864
US,Kids activity books,20,Pinkalicious 12-Book Phonics Fun!: Includes 12 Mini-Books Featuring Short and Long Vowel Sounds – Early Reader Collection for Sight Words and Literacy Development (Ages 3-6) (I Can Read Phonics Fun),Victoria Kann,Paperback,HarperCollins,no,$7.48,4.7,4163,144,"June 23, 2015",0062352156
US,Kids activity books,21,We Really Like Cooking Slop!: The Elephant & Piggie Cookbook,Cher Willems,Hardcover,,,$19.99,,,,,1454963182
US,Kids activity books,22,The Little Old Lady Who Was Not Afraid of Anything: A Playful Halloween Story About Being Brave for Children (Ages 4–8),Linda D. Williams,Paperback,,,$6.50,4.8,6145,,,0064431835
US,Kids activity books,23,My Sticker Dress-Up®: Princesses: Reusable Sticker Activity Book for Endless Creative Play!,Louise Anglicas,Paperback,,,$5.10,4.8,493,,,172827639X
US,Kids activity books,24,How to Catch a Monster: A Halloween Picture Book for Kids About Conquering Fears!,Adam Wallace,Hardcover,,,$5.90,4.8,4708,,,1492648949
US,Kids activity books,25,My Sticker Dress-Up®: Dancers: Awesome Activity Book with 350+ Stickers for Unlimited Possibilities!,Louise Anglicas,Paperback,,,$7.99,4.7,1807,,,1728276373
US,Kids activity books,26,Llama Llama Trick or Treat,Anna Dewdney,Board book,,,$5.40,4.8,3591,,,045146978X
US,Kids activity books,27,Find the Farter: Find Who Cut the Cheese in this Silly Seek and Find Fart Book for Kids (Funny Stocking Stuffer & White Elephant Gag Gift),Phyllis F. Hart,Hardcover,,,$7.99,4.7,475,,,1492685674
US,Kids activity books,28,How to Catch a Unicorn,Adam Wallace,Hardcover,,,$5.96,4.8,37938,,,1492669733
US,Kids activity books,29,Paint by Sticker Kids (Official): Dinosaurs: Create 10 Pictures One Sticker at a Time!,Workman Publishing,Paperback,,,$4.96,4.8,5092,,,1523511176
US,Kids activity books,30,Paint by Sticker Kids (Official): Rainbows Everywhere!: Create 10 Pictures One Sticker at a Time!,Workman Publishing,Paperback,,,$6.29,4.8,2142,,,1523517751
US,Kids short story collections,1,"Goodnight Moon: A Beloved, Lulling Bedtime Story About a Little Bunny for Children (Ages 0-4)",Margaret Wise Brown,Board book,,,$5.83,4.9,31855,,,0694003611
US,Kids short story collections,2,The Complete Tales of Winnie-The-Pooh,A. A. Milne,Hardcover,,,$18.68,4.8,3580,,,0525457232
US,Kids short story collections,3,A Collection of Stories for 2 Year Olds,Parragon Books,Hardcover,,,$7.71,4.8,9398,,,1680524151
US,Kids short story collections,4,Bluey: More 5-Minute Stories: 6 Stories in 1 Book? Hooray!,Penguin Young Readers Licenses,Hardcover,,,$6.70,4.8,233,,,B0DT41B92M
US,Kids short story collections,5,Stories for 1-Year-Olds - A First Treasury of Nursery Rhymes and Short Stories to Read to Your Babies and Toddlers,Cottage Door Press,Board book,,,$7.29,4.7,2104,,,1646383362
US,Kids short story collections,6,"You are an Amazing Girl: A Collection of Inspiring Stories about Courage, Friendship, Inner Strength and Self-Confidence (Motivational Books for Children)",Nadia Ross,Paperback,,,$8.51,4.8,7622,,,B09LB1QFP6
US,Kids short story collections,7,Sideways Stories from Wayside School: A Funny and Clever Chapter Book About School Adventures for Children (Ages 8-12),Louis Sachar,Paperback,,,$6.99,4.7,5114,,,0380698714
US,Kids short story collections,8,Where the Sidewalk Ends: Poems and Drawings,Shel Silverstein,Hardcover,,,$11.29,4.9,12350,,,0060256672
US,Kids short story collections,9,"That's not my puppy: An Interactive, Sensory Touchy-Feely Book Featuring Animals with Tactile Patches for Babies and Toddlers (THAT’S NOT MY…™)",Fiona Watt,Board book,,,$4.65,4.8,334,,,1805317180
US,Kids short story collections,10,Jokes for 7 Year Olds: Awesome Jokes for 7 Year Olds : Birthday - Christmas Gifts for 7 Year Olds (Funny Jokes for Kids Age 5-12),Linda Summers,Paperback,,,$3.99,4.7,2300,,,1913485048
US,Kids short story collections,11,Goodnight Moon Milestone Edition: A Beloved Bedtime Classic Featuring a Bunny Saying Goodnight,Margaret Wise Brown,Board book,,,$6.91,4.9,1628,34,,0063111314
US,Kids short story collections,12,Caps for Sale: A Classic Monkey Trickster Story About Caps and Cleverness for Children (Ages 4–8),Esphyr Slobodkina,Paperback,,,$6.85,4.8,5428,48,,0064431436
US,Kids short story collections,13,Scary Stories to Tell in the Dark: Three Books to Chill Your Bones: All 3 Scary Stories Books with the Original Art!―The Ultimate Horror Book Set for Kids and Adults,Alvin Schwartz,Hardcover,,,$15.99,4.8,18346,,,0062968971
US,Kids short story collections,14,"You Are 9 And Amazing! Inspiring Stories For 9 Year Old Girls: 15 Motivating Tales of Confidence, Friendship, Compassion and Creativity (You Are Amazing!)",Mary Allan,Paperback,,,$14.30,4.8,572,,,1965857027
US,Kids short story collections,15,"The Wayside School 4-Book Box Set: Sideways Stories from Wayside School, Wayside School Is Falling Down, Wayside School Gets a Little Stranger, Wayside School Beneath the Cloud of Doom",Louis Sachar,Paperback,,,$25.57,4.8,1666,800,,0063092093
US,Kids short story collections,16,A Collection of Stories for 3 Year Olds,Parragon Books,Hardcover,,,$8.93,4.7,3114,,,168052416X
US,Kids short story collections,17,A Collection of Stories for 5 Year Olds,Parragon Books,Hardcover,,,$7.96,4.8,1614,,,1680528572
US,Kids short story collections,18,Harold and the Purple Crayon: A Timeless Adventure of Imagination with Harold and His Purple Crayon,Crockett Johnson,Hardcover,,,$11.67,4.8,4873,,,0060229357
US,Kids short story collections,19,The Stinky Cheese Man and Other Fairly Stupid Tales,Jon Scieszka,Hardcover,,,$11.29,4.8,6781,,,067084487X
US,Kids short story collections,20,A Light in the Attic with 12 Extra Poems,Shel Silverstein,Hardcover,,,$13.98,4.9,7363,185,,0061905852
US,Kids short story collections,21,Little House Complete 9-Book Box Set: Books 1 to 9,Laura Ingalls Wilder,Paperback,,,$40.56,4.8,7060,,,0064400409
US,Kids short story collections,22,Illustrated Moral Stories (Collection of 10 Books),Wonder House Books,Paperback,,,$11.99,4.3,1277,,,9354409768
US,Kids short story collections,23,Scary Stories to Tell in the Dark: The Classic Anthology of Chilling Folklore and Ghost Stories for Children (Ages 8-12),Alvin Schwartz,Paperback,,,$6.39,4.5,3350,,,0062682822
US,Kids short story collections,24,"You Are 10 And Amazing! Inspiring Stories For 10 Year Old Girls: 15 Motivating Tales of Confidence, Friendship, Moral Courage and Creativity (You Are Amazing!)",Mary Allan,Paperback,,,$14.90,4.7,478,,,1965857108
US,Kids short story collections,25,Five Little Monkeys Jumping on the Bed (A Five Little Monkeys Story),Eileen Christelow,Paperback,,,$6.99,4.8,5089,,,0395557011
US,Kids short story collections,26,"Disney Princess Ariel, Rapunzel, Belle, and More!- Dream Big Princess Me Reader and 8-Book Library - PI Kids",Editors of Phoenix International Publications,Hardcover,,,$17.69,4.8,3542,,,1503716953
US,Kids short story collections,27,"Ultimate Greek Mythology: Adventurous Stories, Fun Facts, Amazing History, and Beyond!",L. J. Tracosas,Hardcover,,,$6.19,4.8,590,,,0593689836
US,Kids short story collections,28,That's not my kitten...: A Touch and Feel Sensory Book About Friendly Cats for Babies (THAT’S NOT MY…™),Fiona Watt,Board book,,,$5.72,4.9,151,,,1805317202
US,Kids short story collections,29,"That's not my dinosaur...: An Interactive, Sensory Touchy-Feely Book Featuring Dinosaurs with Tactile Patches for Babies and Toddlers (THAT’S NOT MY…™)",Fiona Watt,Board book,,,$5.50,4.9,177,,,1805317350
US,Kids short story collections,30,"2-Minute Stories for 2-Year-Olds - Read-Aloud Treasury, Ages 2-5",Cottage Door Press,Hardcover,,,$9.99,4.7,1055,,,164638640X
US,Sudoku,1,Murdoku: 80 Murder Mystery Logic Puzzles,Manuel Garand,Paperback,Puzzlewright Press,no,$11.54,4.7,1024,208,"October 28, 2025",1454961791
US,Sudoku,2,Murdoku Volume 2: Back in Time: 80 Murder Mystery Logic Puzzles,Manuel Garand,Paperback,Puzzlewright Press,no,$9.78,4.8,570,224,"May 19, 2026",1454961805
US,Sudoku,3,"Ultimate Puzzle Challenge!: 125+ Brain Games for Kids, Mazes, Brain Teasers, Word Searches, Crossword Puzzles, Sudoku, Logic Puzzles and More, Kids Activity Book (Highlights Jumbo Books & Pads)",Highlights,Paperback,Highlights Press,no,$6.99,4.8,6172,256,"February 5, 2019",1684372615
US,Sudoku,4,"The Big Book of Sudoku: Over 500 Puzzles & Solutions, Easy to Hard Puzzles for Adults (Brain Busters)",Parragon Books,,,,$9.31,4.8,8680,384,,1680524755
US,Sudoku,5,"Brain Games - 3-In-1 Puzzle Book: Word Search, Crosswords & Sudoku | 256 Pages, Spiral Bound | Large Variety Activity Book for Adults, Seniors, Teens",Publications International Ltd.,,"Publications International, Ltd.",no,$14.52,4.7,2396,256,"August 1, 2016",168022588X
US,Sudoku,6,"The Ultimate Fun Adult Activity Book: Logic Puzzles, Sudoku, Mazes, Word Searches, Crosswords, Acrostics, Coloring, and More!",Julie Demyanovich,Paperback,Zeitgeist,no,$9.99,4.3,478,192,"November 26, 2024",0593886453
US,Sudoku,7,"Pocket Sudoku & Aesthetic Ink Tracing: Volume 1 | 100 Medium Sudoku Puzzles & Ink-Tracing illustrations for Focus, Creativity & Mindfulness",Hoso Enzo,Paperback,Independently published,yes,$15.99,4.2,18,211,"August 2, 2026",B0HDJD65YL
US,Sudoku,8,Sudoku Book for Adults - Large Print: Sudoku Puzzle Book with Solutions - The Perfect Challenge for All Skill Levels,Kimokotoo Publishing,Paperback,Independently published,yes,$5.99,4.7,1044,109,"October 22, 2024",B0DKTMJ1KC
US,Sudoku,9,"Sudoku Book for Adults and Seniors with 3 Levels of Difficulty: 402 Puzzles & Solutions, Easy to Hard (The Perfect Gift for Puzzle Lovers) (Gifts for Men & Women)",Rody Publishing,Paperback,Independently published,yes,$10.99,4.8,616,139,"May 30, 2025",B0FBM179D7
US,Sudoku,10,1000+ Sudoku Puzzles for Adults: A Book With More Than 1000 Sudoku Puzzles from Easy to Hard for adults.,Nova Publishing XR,Paperback,Independently published,yes,$5.99,4.5,5833,117,"July 5, 2021",B098WHPB3D
US,Sudoku,11,Brain Games - To Go - Sudoku,Publications International Ltd.,,"Publications International, Ltd.",no,$8.29,4.8,1877,256,"August 1, 2018",1640303642
US,Sudoku,12,"Pocket Puzzle Sudoku: Puzzles for Sharp Mind, Smaller Travel Sized (Brain Busters)",Parragon Books,,Cottage Door Press,no,$7.45,4.8,254,128,"May 14, 2024",B0CGSYFFSM
US,Sudoku,13,"Logic Puzzles Book for Brain Fitness: 90-Day Challenge to Sharpen the Mind and Strengthen Cognitive Skills Enlarged Print, Easy to Hard! (Brain Fitness Puzzle Games)",Lana Barnes,Paperback,Zeitgeist,no,$6.39,4.4,214,240,"July 30, 2024",0593885783
US,Sudoku,14,Murdoku Volume 3: Around the World: 80 Murder Mystery Logic Puzzles,Manuel Garand,Paperback,Puzzlewright Press,no,$15.19,,,224,"October 27, 2026",1454968117
US,Sudoku,15,Brain Games - Brain Workout: Sudoku,Publications International Ltd.,,"Publications International, Ltd.",no,$7.78,4.8,1799,192,"October 1, 2019",1645580687
US,Sudoku,16,Large Print Sudoku Puzzles: Over 300 Puzzles for Adults - Include Spiral Bound / Lay Flat Design and Large Print Puzzles (Brain Busters),Parragon Books,,Cottage Door Press,no,$9.29,4.7,349,240,"July 16, 2024",B0CL6C74L5
US,Sudoku,17,"Brain Games - To Go - 3-in-1: Word Search, Sudoku, Crosswords",Publications International Ltd.,,"Publications International, Ltd.",no,$9.30,4.6,49,256,"November 29, 2025",B0FT7F376S
US,Sudoku,18,"The Ultimate Book of Mixed Puzzles: More than 450 Puzzles for Adults Including Word Searches, Crosswords, Sudoku, Mazes and More! (Part of the Brain Busters Puzzle Collection)",Parragon Books,Paperback,Cottage Door Press,no,$9.89,4.3,1294,320,"August 10, 2021",1646380169
US,Sudoku,19,OMG I'm So Bored ! The Activity Book for Teens: 100 Games for 12-17 years old | Sudoku - Word Search - Mazes - Mandalas | Hours of Fun for Boys & Girls,La Bibli des Ados,Paperback,Independently published,yes,$9.99,4.6,1931,109,"April 28, 2021",B093RWX7XP
US,Sudoku,20,"Variety Puzzle Book For Adults: 90+ Large-Print Puzzles Word Search, Sudoku, Word Scramble, Number Search, Trivia, Mazes",FUNAFTER BOOKS,Paperback,Independently published,yes,$9.99,4.5,2673,120,"June 9, 2021",B096TW9C82
US,Sudoku,21,"200 Stress-Relieving Sudoku Puzzles to Sharpen Your Mind: Presented by Maria Shriver, Patrick Schwarzenegger, and MOSH",Maria Shriver,Paperback,,,$13.04,4.7,78,,,1963183517
US,Sudoku,22,Brain Games - Sudoku #1,Publications International Ltd.,,,,$9.74,4.8,2193,,,1605531731
US,Sudoku,23,"Sudoku Puzzle Book for Adults: Easy, Medium & Hard Levels – Verified by Hand Sudoku Book with Full Solutions for Adults (Ultimate Sudoku Challenge)",Mind & Logic Books,Paperback,,,$9.99,4.4,130,,,B0FFZ9K9CG
US,Sudoku,24,Brain Games - Calm: Sudoku Puzzles - Large Print (Brain Games Large Print),Publications International Ltd.,,,,$9.00,4.7,281,,,1639385819
US,Sudoku,25,"Relaxing Brain Games for Adults: 100+ Logic, Math, and Word Puzzles to Help You Unwind",Callisto Publishing,Paperback,,,$6.36,4.4,539,,,B0CSXHCVYT
US,Sudoku,26,"Surgery Recovery Activity Book for Women: A Funny Get Well Soon Gift with Word Search, Crossword, Sudoku, Mazes, Trivia, Riddles, Cryptograms, Coloring Pages, and Solutions Included",Golden Tree Publishing,Paperback,,,$14.99,4.8,138,,,B0H2MRZZVT
US,Sudoku,27,The Big Book of Sudoku: Volume 2 (Brain Busters),Parragon Books,,,,$9.16,4.7,1292,,,1646383680
US,Sudoku,28,Brain Games - To Go - Sudoku Puzzles (Blue - Circle Cover),Publications International Ltd.,,,,$7.20,4.8,31,,,B0FT7HGZR7
US,Sudoku,29,"Sudoku for Kids Ages 6-8: over 300 Sudoku Puzzles with Increasing Difficulty and Solutions |4x4 6x6 9x9 Grids, Large Print, Made for Children and Beginners | Levels: Easy, Medium, Hard",LogicKids Publishing,Paperback,,,$6.99,4.8,428,,,B0C9SDMCB9
US,Sudoku,30,Aesthetic Pocket Sudoku: Medium to Hard Logic Puzzles for Focus and Calm: 100 Pocket-Size Puzzles for Adults — Progressive Difficulty with Complete Solutions (Pocket Edition) (Pretty Sudoku),Ana Shrimp,Paperback,,,$11.99,5.0,5,,,B0H6JTQBBP
US,Trivia,1,"The Book of Unusual Knowledge: Big Book of Fascinating Facts & Information | Hardcover Gift for Trivia Buffs, Curious Minds, Adults, Dad & Knowledge Seekers",Publications International Ltd.,Hardcover,"Publications International, Ltd.",no,$10.18,4.7,24509,704,"April 1, 2012",1450845800
US,Trivia,2,"Lost in Space: 5,000 Facts for Navigating the Universe",Neil deGrasse Tyson,Hardcover,National Geographic,no,$40.00,4.7,81,400,"September 15, 2026",1426224389
US,Trivia,3,What If? 2: Additional Serious Scientific Answers to Absurd Hypothetical Questions,Randall Munroe,Kindle Edition,,,$1.99,4.8,5251,366,"September 13, 2022",B09QYDQQ7N
US,Trivia,4,Guinness World Records 2027,Guinness World Records,Hardcover,Guinness World Records,no,$17.84,4.8,17,240,"August 25, 2026",1806500256
US,Trivia,5,True Facts That Sound Like Bull$#*t: 500 Insane-But-True Facts That Will Shock and Impress Your Friends (1) (Mind-Blowing True Facts),Shane Carley,Paperback,Cider Mill Press,no,$7.45,4.6,9702,240,"April 11, 2017",160433696X
US,Trivia,6,"The Ultimate Book of Random Fun Facts: Over 1000 Interesting Facts And Trivia Quizzes About History, Science, Sports, Animals, Space and Anything In Between!",Bill O'Neill,Paperback,LAK Publishing,yes,$11.03,4.6,2419,198,"July 5, 2024",1648451233
US,Trivia,7,The Book For Men Who Have Everything: Unusual Knowledge and Boredom Busters for Intelligent Men,IQ Street,Paperback,Curious Press,yes,$13.79,4.6,1389,201,"October 9, 2025",B0FVKQH4KS
US,Trivia,8,What If?: Serious Scientific Answers to Absurd Hypothetical Questions ― From the Creator of xkcd,Randall Munroe,Hardcover,Dey Street Books,no,$14.72,4.6,18790,352,"September 2, 2014",0544272994
US,Trivia,9,Rare and Unusual Knowledge: Extraordinary Facts About Everyday Things (Facts and Knowledge),Daniel Bulmez,Paperback,Independently published,yes,$14.01,4.6,739,194,"November 17, 2024",B0DNCTFWLZ
US,Trivia,10,The 80th Birthday Trivia Challenge: Take A Walk Down Memory Lane With Fun Brain-Teasers And Quizzes For Eighty-Year-Olds (80th Birthday Gift),Charlie Miller,Paperback,LAK Publishing,yes,$13.45,4.6,363,151,"March 21, 2025",1648451209
US,Trivia,11,The Ultimate History Buff Challenge: Over 600 Quiz Questions for Curious History Lovers,Bill O'Neill,Paperback,LAK Publishing,yes,$13.79,4.7,2045,245,"April 9, 2024",1648451217
US,Trivia,12,"Interesting Facts For Curious Minds: 1572 Random But Mind-Blowing Facts About History, Science, Pop Culture And Everything In Between",Jordan Moore,Paperback,Red Panda Press,yes,$11.32,4.6,16386,196,"July 18, 2022",B0B6XFT4RH
US,Trivia,13,JEOPARDY! 2027 Day-to-Day Calendar,Sony,Calendar,Andrews McMeel Publishing,no,$13.67,4.4,10,740,"July 21, 2026",B0GF9FZX48
US,Trivia,14,Will Holding in a Fart Make You Explode: Quirky Questions and Intriguing Answers for Teens,Lauren Clearwell,Paperback,Upgraded Publishing,yes,$11.97,4.2,106,128,"May 10, 2025",1923108743
US,Trivia,15,The Rider Files: Official Fourth Wing Activity & Sticker Book - Based on the Award-Winning Empyrean series,Entangled,Flexibound,Walter Foster Publishing,no,$15.83,,,128,"September 29, 2026",157715844X
US,Trivia,16,"The Ultimate Brain Games And Puzzles Book For Adults: Tricky But Fun Brain Teasers, Trivia Challenges, Crosswords, Word Searches And Much More To Keep Your Mind Young And Engaged",Donovan Ellis,Paperback,Red Panda Press,yes,$8.99,4.4,2180,139,"August 15, 2022",B0B9QM23D3
US,Trivia,17,"The Ultimate 50th Birthday Trivia Challenge Book: Take A Trip Down Memory Lane With Fun Facts, Brain Teasers & Nostalgic Challenges Perfect For 50-Year-Olds (50th Birthday Gift For Men & Women)",Wendy Foxworth,Paperback,Independently published,yes,$13.97,4.6,163,85,"May 9, 2026",B0H17XY8S6
US,Trivia,18,The Dangerous Book for Boys,Conn Iggulden,Hardcover,William Morrow,yes,$15.54,4.7,7414,288,"April 24, 2012",0062208977
US,Trivia,19,Darker Than Fiction: Real-Life Horror Stories That Will Shock and Disturb You,Winston Thomas,Audible Audiobook,,,$14.99,3.6,174,,"February 1, 2026",B0GKQWWKV4
US,Trivia,20,"The Ultimate Sports Trivia Book: A Collection of Fascinating Stories, Amazing Trivia Quizzes and Fun Facts for Sports Lovers!",Bill O'Neill,Paperback,LAK Publishing,yes,$12.99,4.6,632,176,"November 25, 2024",1648451306
US,Trivia,21,"Interesting Stories For Curious People: A Collection of Fascinating Stories About History, Science, Pop Culture and Just About Anything Else You Can Think of",Bill O'Neill,Paperback,,,$7.68,4.5,19578,,,164845044X
US,Trivia,22,The Totally Awesome Book of Useless Information: A Fun Facts Book for Kids,Noel Botham,Paperback,,,$6.34,4.7,5884,,,0399159258
US,Trivia,23,The Official Clue Book of Puzzles: Test Your Detective Skills with over 80 Perplexing Puzzles,Dr. Gareth Moore,Paperback,,,$14.99,,,,,1400360110
US,Trivia,24,Uncle John's All-Knowing Bathroom Reader (Uncle John's Bathroom Reader Annual),Bathroom Readers' Institute,Paperback,,,$22.99,5.0,10,,,1667212079
US,Trivia,25,"Learn A Lot While You Sit On The Pot: Fascinating Trivia and Fun Facts About Science, History, Sports, Pop Culture, Technology, Mind Puzzles, and So Much More!",Jack Haynes,Paperback,,,$9.49,4.6,2274,,,1957590424
US,Trivia,26,Brain Teasers for Memory Fitness: 90-Day Challenge to Strengthen Recall and Improve Cognitive Skills (Brain Fitness Puzzle Games),Julie Demyanovich,Paperback,,,$9.20,4.4,43,,,B0FMWQFQW8
US,Trivia,27,Brain Games - Puzzles and Quizzes: Dolly Parton Facts and Information,Publications International Ltd.,,,,$12.00,4.5,43,,,B0FLNQV12N
US,Trivia,28,"The Book of Mysteries of the National Parks: Fascinating History, Strange Sights, Obscure Stories & Bizarre Disappearances | Gift for History Buffs, Nature Lovers & Mystery Fans",Publications International Ltd.,Hardcover,,,$8.91,4.6,54,,,1639388745
US,Trivia,29,"The Book of Useless Information: Big Book of Fascinating Facts & Stories | Hardcover Gift for Trivia Buffs, Curious Minds, Adults, Dad & Knowledge Seekers",Publications International Ltd.,Hardcover,,,$11.81,4.6,2170,,,1450807461
US,Trivia,30,How To: Absurd Scientific Advice for Common Real-World Problems,Randall Munroe,Hardcover,,,$15.49,4.8,7588,,,0525537090
US,Humor: sports,1,Pardon My Book: Ten Years of the Best (and Worst) in Sports from Pardon My Take,Big Cat,Hardcover,Harper,no,$24.50,4.6,357,336,"August 18, 2026",0063510804
US,Humor: sports,2,Cancel Me If You Can,Dave Portnoy,Audible Audiobook,,,$18.37,4.6,1367,,"June 30, 2026",B0FXHSDQ57
US,Humor: sports,3,"The Ultimate Sports Trivia Book: A Collection of Fascinating Stories, Amazing Trivia Quizzes and Fun Facts for Sports Lovers!",Bill O'Neill,Paperback,LAK Publishing,yes,$12.99,4.6,632,176,"November 25, 2024",1648451306
US,Humor: sports,4,Mini Air Horn: Get Hype! (RP Minis),Conor Riordan,Paperback,RP Minis,no,$5.44,4.6,193,32,"May 31, 2022",0762479523
US,Humor: sports,5,"Big Fan: Two Friends, 82,490 Miles, and the Wild, Wonderful Sports We Love",Michael Schur,Hardcover,Dutton,no,$17.50,4.4,94,448,"May 19, 2026",B0FN3962JT
US,Humor: sports,6,The Golfer's Excuse Handbook: Golfertainment for Good and Bad Golfers (Funny Golf Gift for Men and Women),Kurt Taylor,Paperback,Red Panda Press,yes,$8.50,4.6,1522,104,"November 17, 2022",B0BMJR3ZV8
US,Humor: sports,7,"157 Ways to Kick Bass – Fishing Facts for Men Who Want to Catch More: Packed With Real Tips, Clever Tricks & Facts Your Buddies Will Wish They Knew First",Dylan Dawe,Paperback,Independently published,yes,$14.99,4.6,127,118,"September 11, 2025",B0FQT5XYK9
US,Humor: sports,8,Art But Make It Sports: Epic Matchups Where Art and Sports Collide,LJ Rader,Hardcover,Chronicle Books,no,$9.13,4.9,36,176,"March 17, 2026",1797236830
US,Humor: sports,9,The Ultimate Pittsburgh Steelers Trivia Book: A Collection of Amazing Trivia Quizzes and Fun Facts for Die-Hard Steelers Fans!,Ray Walker,Paperback,HRP House,no,$11.24,4.7,2395,136,"October 2, 2020",1953563066
US,Humor: sports,10,The Night the Bear Ate Goombaw,Patrick McManus,Audible Audiobook,,,$11.24,4.7,574,,"October 28, 2009",B002UQ93Z0
US,Humor: sports,11,The Ultimate Los Angeles Dodgers Trivia Book: A Collection of Amazing Trivia Quizzes and Fun Facts for Die-Hard Dodgers Fans!,Ray Walker,Paperback,HRP House,no,$7.76,4.7,596,163,"October 2, 2020",1953563082
US,Humor: sports,12,The Ultimate Chicago Cubs Trivia Book: A Collection of Amazing Trivia Quizzes and Fun Facts for Die-Hard Cubs Fans!,Ray Walker,Paperback,HRP House,no,$7.35,4.8,649,157,"September 10, 2020",1953563031
US,Humor: sports,13,"Who's Your Caddy?: Looping For the Great, Near Great and Reprobates of Golf",Rick Reilly,Audible Audiobook,,,$13.78,4.4,771,,"July 28, 2004",B0002SQSRO
US,Humor: sports,14,Trout Bum,John Gierach,Audible Audiobook,,,$16.10,4.6,923,,"October 17, 2023",B0CKH1RY2Y
US,Humor: sports,15,The Ultimate Chicago Bears Trivia Book: A Collection of Amazing Trivia Quizzes and Fun Facts for Die-Hard Bears Fans!,Ray Walker,Paperback,HRP House,no,$7.69,4.7,686,143,"November 4, 2020",1953563961
US,Humor: sports,16,Never Sniff a Gift Fish,Patrick McManus,Audible Audiobook,,,$12.18,4.8,491,,,B002QUL4X4
US,Humor: sports,17,The Ultimate Minnesota Vikings Trivia Book: A Collection of Amazing Trivia Quizzes and Fun Facts for Die-Hard Vikings Fans!,Ray Walker,Paperback,,,$7.98,4.7,286,,,1953563562
US,Humor: sports,18,A Fine and Pleasant Misery,Patrick F. McManus,Paperback,,,$11.02,4.8,1137,209,,0805000321
US,Humor: sports,19,So Help Me Golf: Why We Love the Game,Rick Reilly,Kindle Edition,,,$12.99,4.6,1216,,,B09FJPGGLM
US,Humor: sports,20,"Incredible--and True!--Fishing Stories: Hilarious Feats of Bravery, Tales of Disaster and Revenge, Shocking Acts of Fish Aggression, Stories of Impossible Victories and Crushing Defeats",Shaun Morey,Paperback,,,$11.20,4.6,1112,,,0761180176
US,Humor: sports,21,The Horse in My Garage and Other Stories,Patrick F. McManus,Audible Audiobook,,,$12.47,4.4,1221,,,B00BK9NNWC
US,Humor: sports,22,"Don't Put Me In, Coach: My Incredible NCAA Journey from the End of the Bench to the End of the Bench",Mark Titus,Audible Audiobook,,,$11.81,4.4,776,,,B007HI3D3Y
US,Humor: sports,23,"The Ultimate Fun Retirement Guide for Men: A Practical and Funny Gift to Help Guys Find Friends, Direction, and Better Things to Do Than Mow the Lawn Again",Rita Dennison,Paperback,,,$14.99,4.6,28,,,1991402074
US,Humor: sports,24,The Terrible and Wonderful Reasons Why I Run Long Distances (The Oatmeal Book 5) (Volume 5),The Oatmeal,Kindle Edition,,,$2.99,4.5,2130,,,B00JKNMFVU
US,Humor: sports,25,Desktop Disc Golf: Ace! (RP Minis),Donald Lemke,Paperback,,,$8.20,4.6,45,,,0762489758
US,Humor: sports,26,The Ultimate San Francisco 49ers Trivia Book: A Collection of Amazing Trivia Quizzes and Fun Facts for Die-Hard 49ers Fans!,Ray Walker,Paperback,,,$9.16,4.7,725,,,1953563163
US,Humor: sports,27,The Yogi Book,Yogi Berra,Paperback,,,$6.20,4.7,825,,,0761154434
US,Humor: sports,28,It's Not My Fault: 150 Hilarious Excuses Every Tennis Player Should Know (Best Excuses),Joshua Shifrin,Paperback,,,$14.99,4.6,460,,,1510730532
US,Humor: sports,29,Desktop Tetherball: It's a Wrap! (RP Minis),Alan Goldsher,Hardcover,,,$10.21,4.5,2964,,,0762463910
US,Humor: sports,30,Certified Beauties: More of Hockey's Greatest Untold Stories,James Duthie,Audible Audiobook,,,$22.83,4.6,152,,,B0DV69DM76
US,Kids humor,1,The Leaf Thief: (The Perfect Fall Book for Children and Toddlers),Alice Hemming,Hardcover,,,$9.62,4.8,4179,,,1728235200
US,Kids humor,2,Fight or Flight (Diary of a Wimpy Kid #21): A laugh-out-loud knockout from the #1 international bestselling Diary of a Wimpy Kid series (Volume 21),Jeff Kinney,Hardcover,,,$11.19,,,,,1419782703
US,Kids humor,3,Room on the Broom,Julia Donaldson,Paperback,,,$6.79,4.9,36384,,,0142501123
US,Kids humor,4,The Spooky Wheels on the Bus: (A Holiday Wheels on the Bus Book),J. Elizabeth Mills,Paperback,,,$3.78,4.8,8961,,,0545174805
US,Kids humor,5,Dog Man: A Sprinkle in Time: A Graphic Novel (Dog Man #15): From the Creator of Captain Underpants,Dav Pilkey,Hardcover,,,$11.19,,,,,1546199357
US,Kids humor,6,"It's Pumpkin Day, Mouse!: An Adorable Picture Book, Perfect for Autumn and Halloween Reading (If You Give...)",Laura Numeroff,Board book,HarperCollins,no,$5.70,4.8,2568,24,"July 24, 2012",069401429X
US,Kids humor,7,"See You Later, Alligator (RhymeTime Animals)",Sally Hopgood,Hardcover,,,$8.91,4.8,4634,,,1510704841
US,Kids humor,8,Pete the Cat 12-Book Phonics Fun!: A Box of 12 Mini-Books Featuring Short and Long Vowel Sounds – Expert-Reviewed Beginning Readers for Kids (Ages 3-6) (I Can Read Phonics Fun),James Dean,Paperback,HarperCollins,no,$8.34,4.7,12446,144,"January 3, 2017",0062404520
US,Kids humor,9,The Millicent Quibb School of Etiquette for Young Ladies of Mad Science,Kate McKinnon,Paperback,,,$8.50,4.6,1291,,,0316554839
US,Kids humor,10,The Going To Bed Book,Sandra Boynton,Board book,,,$3.86,4.8,20165,,,0671449028
US,Kids humor,11,How to Catch a Dinosaur,Adam Wallace,Hardcover,Sourcebooks Wonderland,no,$5.55,4.8,18824,40,"September 3, 2019",1492680524
US,Kids humor,12,How to Catch a Mermaid: A Summer Picture Book for Mermaid Lovers,Adam Wallace,Hardcover,Sourcebooks Wonderland,no,$5.79,4.8,35324,40,"July 17, 2018",149266247X
US,Kids humor,13,Pete the Cat: Trick or Pete: A Fun And Interactive Lift-the-Flap Halloween Adenture Featuring Everyone's Favorite Cat,James Dean,Paperback,HarperCollins,no,$6.28,4.8,5287,16,"July 25, 2017",006219870X
US,Kids humor,14,"Moo, Baa, La La La!",Sandra Boynton,Board book,,,$3.83,4.8,20250,,,067144901X
US,Kids humor,15,"The Jungle of Carabanana (The Millicent Quibb School of Etiquette for Young Ladies of Mad Science, 3)",Kate McKinnon,Hardcover,,,$14.99,5.0,1,,,0316555819
US,Kids humor,16,Pinkalicious 12-Book Phonics Fun!: Includes 12 Mini-Books Featuring Short and Long Vowel Sounds – Early Reader Collection for Sight Words and Literacy Development (Ages 3-6) (I Can Read Phonics Fun),Victoria Kann,Paperback,HarperCollins,no,$7.48,4.7,4163,144,"June 23, 2015",0062352156
US,Kids humor,17,Too Many Pumpkins,Linda White,Paperback,,,$6.00,4.8,1711,,,0823413209
US,Kids humor,18,How to Catch a Monster: A Halloween Picture Book for Kids About Conquering Fears!,Adam Wallace,Hardcover,,,$5.90,4.8,4708,,,1492648949
US,Kids humor,19,Junie B. Jones First Boxed Set Ever!: Books 1-4,Barbara Park,Paperback,,,$10.58,4.8,21167,,,0375813616
US,Kids humor,20,The Sun Thief (The Leaf Thief),Alice Hemming,Hardcover,,,$9.31,4.9,240,,,146425818X
US,Kids humor,21,The Girl Who Never Made Mistakes: A Growth Mindset Book for Kids to Promote Self Esteem,Mark Pett,Hardcover,,,$8.47,4.6,4463,,,1402255446
US,Kids humor,22,Find the Farter: Find Who Cut the Cheese in this Silly Seek and Find Fart Book for Kids (Funny Stocking Stuffer & White Elephant Gag Gift),Phyllis F. Hart,Hardcover,,,$7.99,4.7,475,,,1492685674
US,Kids humor,23,How to Catch a Unicorn,Adam Wallace,Hardcover,,,$5.96,4.8,37938,,,1492669733
US,Kids humor,24,Giraffes Can't Dance,Giles Andreae,Board book,,,$6.51,4.8,29860,,,0545392551
US,Kids humor,25,"Lots of Knock-Knock Jokes for Kids: A Funny, Laugh Out Loud Busy Book for Children with Over 250 Jokes, Riddles, Tongue Twisters, and Puns",Whee Winn,Paperback,,,$3.99,4.7,13969,,,0310750628
US,Kids humor,26,Dragons Love Tacos,Adam Rubin,Hardcover,,,$9.95,4.7,21008,,,0803736800
US,Kids humor,27,Rowley Jefferson’s Awesome Friendly Spooky Stories 2: From the Creator of Diary of a Wimpy Kid (The Awesome Friendly Kid Series),Jeff Kinney,Hardcover,,,$10.84,4.6,337,,,1419788108
US,Kids humor,28,Disney Minnie Mouse - I'm Ready to Read with Minnie Sound Book - PI Kids,Editors of Phoenix International Publications,Hardcover,,,$7.91,4.8,16749,,,1450862772
US,Kids humor,29,How to Catch a Witch: A Halloween Picture Book for Kids,Alice Walstead,Hardcover,,,$7.47,4.6,2942,,,1728210356
US,Kids humor,30,The Gruffalo,Julia Donaldson,Paperback,,,$6.40,4.9,31613,,,0142403873
US,Kids early learning,1,The Very Hungry Caterpillar,Eric Carle,Board book,,,$5.58,4.9,80049,,,0399226907
US,Kids early learning,2,"Brown Bear, Brown Bear, What Do You See?: 50th Anniversary Edition",Bill Martin Jr.,Board book,,,$5.36,4.9,56909,,,0805047905
US,Kids early learning,3,Little Blue Truck's Halloween: A Fun And Interactive Lift-the-Flap Book For Kids Celebrating Halloween With Little Blue Truck And Friends,Alice Schertle,Board book,Clarion Books,no,$7.43,4.9,15149,16,"July 5, 2016",0544772539
US,Kids early learning,4,"Goodnight Moon: A Beloved, Lulling Bedtime Story About a Little Bunny for Children (Ages 0-4)",Margaret Wise Brown,Board book,,,$5.83,4.9,31855,,,0694003611
US,Kids early learning,5,The Spooky Wheels on the Bus: (A Holiday Wheels on the Bus Book),J. Elizabeth Mills,Paperback,,,$3.78,4.8,8961,,,0545174805
US,Kids early learning,6,My First Library: Boxset of 10 Board Books for Kids,Wonder House Books,Board book,,,$16.80,4.6,92933,,,9387779262
US,Kids early learning,7,"Peekaboo: Pumpkin: (An Interactive Board Book for Babies & Toddlers with Mirror & Sliders to Push, Pull, or Turn. Cute Halloween Artwork Includes a Bat, Black Cat, Witch, & More.) (Peekaboo You)",Camilla Reid,Board book,,,$5.49,4.9,522,,,1536229814
US,Kids early learning,8,"See You Later, Alligator (RhymeTime Animals)",Sally Hopgood,Hardcover,,,$8.91,4.8,4634,,,1510704841
US,Kids early learning,9,"It's Pumpkin Day, Mouse!: An Adorable Picture Book, Perfect for Autumn and Halloween Reading (If You Give...)",Laura Numeroff,Board book,HarperCollins,no,$5.70,4.8,2568,24,"July 24, 2012",069401429X
US,Kids early learning,10,"Bob Books - Set 1: Beginning Readers Box Set | Phonics, Ages 4 and up, Kindergarten (Stage 1: Starting to Read)",Bobby Lynn Maslen,Paperback,Scholastic Inc.,no,$11.29,4.8,23671,144,"May 1, 2006",0439845009
US,Kids early learning,11,Chicka Chicka Boom Boom,Bill Martin Jr.,Board book,Little Simon,no,$4.46,4.9,41859,36,"August 28, 2012",1442450703
US,Kids early learning,12,The Wonderful Things You Will Be,Emily Winfield Martin,Hardcover,Random House Books for Young Readers,no,$9.45,4.9,32883,36,"August 25, 2015",0385376715
US,Kids early learning,13,"Moo, Baa, La La La!",Sandra Boynton,Board book,,,$3.83,4.8,20250,,,067144901X
US,Kids early learning,14,"Play Smart Wipe-Clean Workbook: Ages 2-4: Tracing, Letters, Numbers, Shapes",Gakken early childhood experts,,,,$7.67,4.7,2029,80,,4056212325
US,Kids early learning,15,"Baby Einstein - My First Library Board Book Block 12-Book Set - First Words, Letters, Counting, and More! - PI Kids",Editors of Phoenix International Publications,Board book,,,$9.36,4.7,12536,120,,1503751864
US,Kids early learning,16,The Beginner's Bible: Timeless Children's Stories,The Beginner's Bible,Hardcover,,,$12.64,4.9,29097,,,031075013X
US,Kids early learning,17,Yes! No!: A First Conversation About Consent,Megan Madison,Board book,,,$8.73,4.8,1051,38,,059338332X
US,Kids early learning,18,"Peekaboo: Love: (An Interactive Board Book for Babies & Toddlers with Mirror & Sliders to Push, Pull, or Turn. Cute Artwork Includes a Strawberry, Rainbow, Ladybug, & More.) (Peekaboo You)",Camilla Reid,Board book,,,$6.78,4.8,2466,,,1536220205
US,Kids early learning,19,Disney Minnie Mouse - I'm Ready to Read with Minnie Sound Book - PI Kids,Editors of Phoenix International Publications,Hardcover,,,$7.91,4.8,16749,24,,1450862772
US,Kids early learning,20,Five Little Pumpkins: A Rhyming Pumpkin Book for Kids and Toddlers,Tiger Tales,Board book,,,$6.28,4.8,1646,,,1680106996
US,Kids early learning,21,"Hello, Baby Animals: A Black-and-White Board Book for Babies That Helps Visual Development (High-Contrast Books)",Julissa Mora,Board book,,,$5.11,4.9,8367,,,1938093682
US,Kids early learning,22,"Now You Are One: Little Bird Greetings, Greeting Card Board Book with Personalization Flap, 1st Birthday Gifts for One Year Olds",Minnie Birdsong,Board book,,,$6.29,4.7,18850,,,168052206X
US,Kids early learning,23,"Imitation Book: Interactive & Fun Learn to Talk Board Book For Toddlers Ages 0-4, Written by a Speech Therapist",Stephanie Anderson M.S. CCC-SLP,Board book,,,$15.99,4.8,941,,,B0BYYH4WKR
US,Kids early learning,24,Potty Time with Bean (Ms. Rachel) (Books by Ms. Rachel),Ms. Rachel,Board book,,,$6.78,4.8,3819,,,0593898621
US,Kids early learning,25,There Was an Old Lady Who Swallowed Some Leaves!,Lucille Colandro,Paperback,,,$5.00,4.8,2714,,,0545241987
US,Kids early learning,26,The Complete Brambly Hedge: The gorgeously illustrated children’s classics delighting kids and parents!,Jill Barklem,Hardcover,,,$14.82,4.9,2878,,,0007450168
US,Kids early learning,27,"Preschool Big Fun Workbook: Preschool Learning Workbook with Over 250 Practice Games and Puzzles for PreK Math, Writing, Shapes and More Activities",Highlights Learning,Paperback,,,$6.99,4.8,8343,,,1629797626
US,Kids early learning,28,"Goodnight, Goodnight, Construction Site",Sherri Duskey Rinker,Board book,,,$5.02,4.9,26012,,,1452111731
US,Kids early learning,29,123 Count with Me: An Interactive Numbers Book With Tracks to Trace and Flaps to Flip! (Smart Kids Trace-and-flip),Tiger Tales,Board book,,,$4.68,4.8,4847,,,1589258738
US,Kids early learning,30,"ABC for Me: ABC What Can She Be?: Girls can be anything they want to be, from A to Z (Volume 5)",Sugar Snap Studio,Board book,,,$7.88,4.9,6170,,,1633226247
US,Crosswords,1,"Puzzle Mania!: Wordle, Connections, Spelling Bee, Minis and More! (New York Times Games Books)",The New York Times Games,Hardcover,Authors Equity,no,$19.00,4.8,520,224,"October 21, 2025",B0DXD5JSLL
US,Crosswords,2,"Brain Games - 3-In-1 Puzzle Book: Word Search, Crosswords & Sudoku | 256 Pages, Spiral Bound | Large Variety Activity Book for Adults, Seniors, Teens",Publications International Ltd.,,"Publications International, Ltd.",no,$14.52,4.7,2396,256,"August 1, 2016",168022588X
US,Crosswords,3,Large Print Merriam-Webster Puzzles 10 Booklet Set (Brain Games Large Print),Publications International Ltd.,Paperback,"Publications International, Ltd.",no,$9.77,4.6,4041,320,"August 25, 2014",1450890598
US,Crosswords,4,The New York Times Strictly Medium Crossword Puzzles Volume 1: 200 Medium Puzzles,The New York Times,Paperback,Griffin,no,$9.69,4.2,2059,240,"February 2, 2021",1250781752
US,Crosswords,5,"Easy - Medium Crossword Puzzle Book For Adults and Seniors - 100 Big Font Puzzles: Engaging Challenges to Boost Your Focus and Keep Your Eyes Relaxed ... of Fun, Perfect Gift for Cross word Lover",Sharpness Ink,Paperback,Independently published,yes,$10.99,4.5,285,117,"October 28, 2025",B0FY2YC986
US,Crosswords,6,Remember That?! Crossword Puzzle Book For Adults & Seniors: Keep Your Mind Tack-Sharp and Relive Nostalgic Memories from the 1950s-1990s (Gifts for Women & Men),Beverly Clark,Paperback,Practical Use Publishing,yes,$9.99,4.5,912,123,"October 9, 2024",B0DJWKNBNG
US,Crosswords,7,"Easy Crossword Puzzle Books For Adults and Seniors - 100 Big Font, Eye-Friendly Puzzles: Engaging Challenges to Boost Your Focus and Keep Your Eyes ... of Fun, Perfect Gift for Cross word Lover",Sharpness Ink,Paperback,Independently published,yes,$10.99,4.6,411,117,"September 18, 2025",B0FRYTWJM1
US,Crosswords,8,Brain Games - Brain Workout: Sudoku,Publications International Ltd.,,"Publications International, Ltd.",no,$7.78,4.8,1799,192,"October 1, 2019",1645580687
US,Crosswords,9,"Medium Crossword Puzzle Book For Adults and Seniors with 100 Puzzles: Entertaining Brain Workouts, Fuel Your Mind with Fun Challenges for Focus and Relaxation (The Perfect Gift for Crossword Lovers)",Scint Publishing,Paperback,Independently published,yes,$11.99,3.9,903,122,"July 18, 2025",B0FJ8C27GQ
US,Crosswords,10,"New Word Search Book for Adults: Large Print Word Find Puzzles for Seniors with 10000 Unique Words, Endless Themes to Explore",My Brain Is Busy,Paperback,Independently published,yes,$9.99,4.7,563,122,"October 2, 2025",B0FTWW8XTL
US,Crosswords,11,New York Times Simply Easy Crossword Puzzles,The New York Times,Paperback,Griffin,no,$10.11,4.4,396,240,"February 2, 2021",1250781744
US,Crosswords,12,The New York Times Greatest Hits of Monday Crossword Puzzles: 100 Easy Puzzles,The New York Times,Paperback,St. Martin's Griffin,no,$6.99,4.7,1488,128,"October 23, 2018",1250198348
US,Crosswords,13,"Retirement Gift For Woman: Funny Activity Book with 200+ Cool Puzzles and Ideas for Fun Things to do | Word Search, Stained Glass Coloring Pages, ... Nonogram, Scramble (Nostalgia For Seniors)",OBIEZ PUBLISHING,Paperback,Independently published,yes,$13.50,4.7,407,124,"July 6, 2024",B0D8ZW6DYN
US,Crosswords,14,"Brain Games - To Go - 3-in-1: Word Search, Sudoku, Crosswords",Publications International Ltd.,,"Publications International, Ltd.",no,$9.30,4.6,49,256,"November 29, 2025",B0FT7F376S
US,Crosswords,15,Simon & Schuster Mega Crossword Puzzle Book #26,John M. Samson,Paperback,Gallery Books,no,$18.64,5.0,27,336,"September 1, 2026",1668014165
US,Crosswords,16,"The Ultimate Book of Mixed Puzzles: More than 450 Puzzles for Adults Including Word Searches, Crosswords, Sudoku, Mazes and More! (Part of the Brain Busters Puzzle Collection)",Parragon Books,Paperback,Cottage Door Press,no,$9.89,4.3,1294,320,"August 10, 2021",1646380169
US,Crosswords,17,Brain Games - Large Print Bible Word Search: Psalms (Brain Games - Bible),Publications International Ltd.,,"Publications International, Ltd.",no,$9.00,4.9,1755,192,"February 1, 2021",164558500X
US,Crosswords,18,The New York Times Mega Book of Sunday Crosswords: 500 Puzzles,The New York Times,Paperback,St. Martin's Griffin,no,$15.41,4.5,1423,592,"May 31, 2022",1250847443
US,Crosswords,19,Merriam-Webster Puzzles 10 Booklet Set (Brain Games),Publications International Ltd.,Paperback,"Publications International, Ltd.",no,$8.19,4.3,784,32,"April 22, 2016",1680222279
US,Crosswords,20,Medium Crossword Puzzle Book For Adults and Seniors with 100 Puzzles: Relaxing Medium Crossword Challenges to Keep Your Mind Sharp and Entertained,Resper Publishing,Paperback,Independently published,yes,$9.99,4.2,23,122,"June 25, 2026",B0H6MSHKXT
US,Crosswords,21,Wheel of Fortune Word Puzzles (Brain Games),Publications International Ltd.,,,,$8.22,4.5,2776,,,1680225324
US,Crosswords,22,BIG 4000 New Words Word Search for Adults: 100+ Large Print Puzzles with Interesting Themes about the Year,My Brain Is Busy,Paperback,,,$9.99,4.7,3156,,,B0BMSZS9S7
US,Crosswords,23,"Brain Games - Large Print Word Search: Unwind and Test Your Problem-Solving Skills | Easy to Read, Fun to Solve | Gift for Adults & Seniors",Publications International Ltd.,,,,$11.95,4.8,4553,,,1645584992
US,Crosswords,24,Minute Cryptic,Angas Tiernan,Paperback,,,$11.99,4.8,521,,,1250421519
US,Crosswords,25,Piece of Cake: Easy Crossword Puzzle Book: Over 350 Crosswords (Brain Busters Puzzle Collection),Parragon Books,,,,$8.50,4.3,3477,,,1680524860
US,Crosswords,26,"Relaxing Brain Games for Adults: 100+ Logic, Math, and Word Puzzles to Help You Unwind",Callisto Publishing,Paperback,,,$6.36,4.4,539,,,B0CSXHCVYT
US,Crosswords,27,"Surgery Recovery Activity Book for Women: A Funny Get Well Soon Gift with Word Search, Crossword, Sudoku, Mazes, Trivia, Riddles, Cryptograms, Coloring Pages, and Solutions Included",Golden Tree Publishing,Paperback,,,$14.99,4.8,138,,,B0H2MRZZVT
US,Crosswords,28,AARP Large Print Crossword Puzzles,Publications International Ltd.,,,,$7.98,4.5,2442,,,1450894364
US,Crosswords,29,Easy Crossword Puzzle Book for Adults Seniors Large Print Edition: 90 Simple and Relaxing Crosswords with Answers Included | Fun Brain Games to Improve Memory Focus and Vocabulary,Woopia Publishing,Paperback,,,$6.99,4.7,38,,,B0GXC2Y69D
US,Crosswords,30,Brain Games - Crossword Puzzles - Large Print (Blue) (Brain Games Large Print),Publications International Ltd.,,,,$10.28,4.6,4411,,,1412777615
US,Party games,1,"Yahtzee Score Sheets: 720+ Score Games for Scorekeeping, Yahtzee Score Pads, 6 X 9 Large Print Yahtzee Score Book",Tally_Mark Press,Paperback,Independently published,yes,$4.90,4.7,193,121,"August 4, 2025",B0FLTRLVWS
US,Party games,2,"Murder at Vex Manor - The Halloween Escape Room Mystery: Solve the Puzzles, Catch the Killer and Escape the Haunted Manor! (Escape Room Puzzle Books)",Marlies Larch,Paperback,TG Edition,yes,$14.99,4.8,10,112,"August 10, 2026",B0HDQB3X3J
US,Party games,3,Games That Feel Like Us: 1 vs 1 Challenges for Offline Nights Together,Gela Editions,Paperback,Gela Editions,yes,$16.97,5.0,5,109,"January 18, 2026",B0GHRN5CRN
US,Party games,4,Yatzee Score Pads: Large Print Sheets for Scorekeeping (Score Book),Andy White,Paperback,Independently published,yes,$9.99,4.7,1630,125,"May 12, 2022",B0B19Z18CN
US,Party games,5,"Escape Room Advent Calendar for Adults - The Christmas Chalet Murder Mystery: 24 Days of Clues, Riddles, and Puzzles to Uncover the Truth Before Christmas (Interactive Hint Chat Included)",Mr. Arcanum,Paperback,Independently published,yes,$11.99,5.0,26,74,"July 22, 2026",B0HB11RH2M
US,Party games,6,Mahjong For Dummies,Ruoyi Jiang,Paperback,For Dummies,no,$17.47,4.2,75,304,"November 25, 2025",1394335237
US,Party games,7,"Escape Room Advent Calendar 2026: A Christmas Countdown Mystery with 24 Days of Puzzles, Clues & Secrets.The Ultimate Holiday Gag Gift, Stocking Stuffers & Secret Santa Idea.",Moe Lester,Paperback,Independently published,yes,$9.99,4.8,39,147,"August 27, 2026",B0HGSH9VVT
US,Party games,8,"The Advent Calendar Challenge: 24 Days of Fun Pen-and-Paper Games for Two | A Christmas Countdown Game Book for Couples, Friends & Family",Laura Eriksen,Paperback,paperu Verlag,yes,$14.95,5.0,15,124,"August 29, 2026",3911099509
US,Party games,9,ACTIVIDADES MENTALES Y JUEGOS DE MEMORIA PARA ADULTOS Y PERSONAS MAYORES: Libro con 165 Ejercicios Cognitivos - Pasatiempos de Mucho Entretenimiento - Letra Grande (Spanish Edition),SABIA MENTE,Paperback,Independently published,yes,$15.99,4.6,95,108,"May 28, 2025",B0FBK7KQF4
US,Party games,10,Mahjong: House Rules from Across the Asian Diaspora,Nicole Wong,Hardcover,Hardie Grant Books,no,$23.30,4.8,118,176,"April 8, 2025",1958417637
US,Party games,11,Advent Calendar: The Great Advent Challenge for Couples – Let’s Battle | 24 Days of Interactive Challenges & Brain Games | Fun Gift for Women and Men,Lilly Schoen,Paperback,Tikva Verlag GmbH,yes,$14.99,3.6,223,103,"September 20, 2025",3911597304
US,Party games,12,The Cat's Cradle: And 8 Other Fantastic String Games,Elizabeth Encarnacion,Board book,Applesauce Press,no,$12.17,4.6,569,48,"October 15, 2019",1604338687
US,Party games,13,The 40th Birthday Trivia Challenge: Take A Walk Down Memory Lane With Fun Brain-Teasers And Quizzes For Forty-Year-Olds (40th Birthday Gift),Charlie Miller,Paperback,LAK Publishing,yes,$13.99,4.4,6,144,"July 22, 2026",164845142X
US,Party games,14,"Escape Room Advent Calendar for Adults: Murder at the Observatory: Find the Killer: 24 Days, 20 Suspects, 1 Killer",Tobias Müller-Edelmann,Paperback,Moin Oida Verlag,yes,$17.05,,,98,"September 14, 2026",3982945216
US,Party games,15,"Sports Mayhem: Trivia That's Too Crazy to Make Up: Wild Stories, Hilarious Disasters, and Over 360 Questions About the Craziest Moments in Sports History",Cozy Nook Books,Paperback,Independently published,yes,$14.99,4.8,124,179,"October 21, 2025",B0FXGLVC2F
US,Party games,16,Letra Grande 10000 Palabras Sopa de Letras 4 en 1 Un Libro Entero Para Adultos (Spanish Edition),Amber B. Marshall,Paperback,Independently published,yes,$14.95,4.7,138,231,"September 22, 2024",B0DHXFN8GB
US,Party games,17,"The Sealed Verdict — Case File No. 1: The Unspoilable Murder Mystery Puzzle Book — 24,000 Suspects, 16 Clues, and an Answer Only You Can Unlock",C. M. Lockwood,Paperback,Independently published,yes,$12.99,4.2,40,144,"June 12, 2026",B0H5FJMLPT
US,Party games,18,Mad Libs After Dark: An Outrageously Funny Adult Edition: 20 funny - adult only - madlibs (FunLibs),FunLibs Madness,Paperback,Independently published,yes,$12.05,3.8,75,24,"November 26, 2024",B0DP84Q4G2
US,Party games,19,SOPICIDIOS: 80 casos reales de True Crime para resolver - Sopas de letras para adultos apasionados del crimen y el misterio. (Spanish Edition),Daniel Vergel,Paperback,Independently published,yes,$14.99,4.7,156,200,"June 28, 2026",B0H74KLFZV
US,Party games,20,"Murder at Blackwood Manor A 24-Day Mystery Advent Calendar 2026 Book for Adults: An Interactive Christmas Crime Escape Room Puzzle Novel with Mysteries, Clues & Riddles",Shuper Publishing,Paperback,Independently published,yes,$14.99,4.0,1,100,"August 21, 2026",B0HG11CXPR
US,Party games,21,"Halloween Countdown Escape Room for Families: The Waxlight Cabinet Mystery – 24 Days & Nights of Puzzle Adventures up to Halloween for the Whole Family | Solve Clues, Riddles & Mysteries",Cork & Pin Press,Paperback,,,$12.99,4.4,20,,,B0HJLX2JNG
US,Party games,22,Christmas Spectacular Starring the Radio City Rockettes: Recipes and Crafts to Bring Home the Magic,Radio City Entertainment,Hardcover,,,$20.18,4.8,8,,,1400256828
US,Party games,23,"Seven-Flip Style Score Sheets: Easy Card Game Scorekeeping Pad with Player 7 Columns, Running Totals & Game Tracker 6x9 inch (New Edition)",Craft Publishing,Paperback,,,$9.99,4.7,9,,,B0GTR1JLBP
US,Party games,24,"Breast Cancer Bingo: Game for Patient Education, Cancer Support Workshop, Fundraiser Game | Breast cancer awareness month",A Tran,Paperback,,,$12.99,,,,,B0GXR7SC9H
US,Party games,25,"Family Games Advent Calendar: 24 Christmas Games, Challenges & Activities for All Ages to Create Unforgettable Memories",Ananda tales,Paperback,,,$14.24,4.7,19,,,B0HJZJFCV9
US,Party games,26,The 50th Birthday Trivia Challenge: Take A Walk Down Memory Lane With Fun Brain-Teasers And Quizzes For Fifty-Year-Olds (50th Birthday Gift),Charlie Miller,Paperback,,,$13.99,4.8,6,,,1648451411
US,Party games,27,"ALIBI-X – Murder on Halloween Night: The Captivating Murder Mystery Brain Teaser Book for Adults & Teens – Find Out Who's Innocent, Analyze 10 Connected Casefiles and Reveal the Killer",Cork & Pin Press,Paperback,,,$13.99,4.9,20,,,B0HH8B22K1
US,Party games,28,"The Last Hour of October: A Halloween Mysterey of Masks, Secrets, and Murder",Adrian Sato,Paperback,,,$12.68,4.7,30,,,B0HJYZXGXR
US,Party games,29,ENLAZADOS: Encuentra las Palabras Para Completar las 80 Declaraciones y Descubrir Quién Es el Asesino — Pasatiempos para Jóvenes y Adultos de Lógica y Misterio (Spanish Edition),Max Dillan,Paperback,,,$16.97,4.7,13,,,B0HF1VB893
US,Party games,30,The 250 American History Trivia Challenge: A Patriotic Quiz Book & Game for History Buffs with 250+ Questions for the 4th of July and America's 250th Anniversary (Gift for Dads & Grandparents),Bright Path Publishing,Paperback,,,$14.79,4.7,106,,,B0H2HMKSRK
US,Humor: parodies,1,Nobody Wants Your Sh*t: The Art of Decluttering Before You Die (New York Times Bestseller),Messie Condo,Kindle Edition,,,$1.99,4.5,2089,126,"March 7, 2023",B0B3YB52W7
US,Humor: parodies,2,The Screaming Goat (Book & Figure),Running Press,Paperback,RP Minis,no,$7.96,4.7,42956,32,"April 5, 2016",0762459816
US,Humor: parodies,3,True Facts That Sound Like Bull$#*t: 500 Insane-But-True Facts That Will Shock and Impress Your Friends (1) (Mind-Blowing True Facts),Shane Carley,Paperback,Cider Mill Press,no,$7.45,4.6,9702,240,"April 11, 2017",160433696X
US,Humor: parodies,4,Go the F*ck to Sleep,Adam Mansbach,Hardcover,"Akashic Books, Ltd.",no,$15.00,4.8,24156,32,"June 14, 2011",1617750255
US,Humor: parodies,5,Dave Barry's Greatest Hits,Dave Barry,Kindle Edition,,,$1.99,4.3,607,305,"July 15, 2010",B003VS0NCS
US,Humor: parodies,6,Rock*: A Mainstream Alternative History of Alternative Mainstream Music,Chuck Klosterman,Hardcover,Da Capo,no,$29.50,4.1,8,336,"September 22, 2026",0306837994
US,Humor: parodies,7,"How to Talk to Your Cat About Gun Safety: And Abstinence, Drugs, Satanism, and Other Dangers That Threaten Their Nine Lives",Zachary Auburn,Paperback,Crown,no,$9.31,4.7,12829,144,"October 4, 2016",045149492X
US,Humor: parodies,8,Tidy the F*ck Up: The American Art of Organizing Your Sh*t,Messie Condo,Audible Audiobook,,,$11.01,4.6,1323,,"June 2, 2020",B0859KBC7G
US,Humor: parodies,9,"Cutest Serial Killers: A Parody Coloring Book for Adults Featuring Horror Icons in Adorable, Cute and Cozy Scenes that are Almost Innocent: 40 ... for fans of dark humor and twisted cuteness",Jojo Weirdo,Paperback,Independently published,yes,$9.99,4.8,1030,88,"April 24, 2025",B0F5H97Z51
US,Humor: parodies,10,1000 Funny Memes,Zach Anthony,Kindle Edition,,,$3.99,4.2,8,888,"September 21, 2026",B0HKH9ZQH1
US,Humor: parodies,11,Silly Crimes: Cozy and Funny Coloring Book for Adults and Teens (Silly Funny Coloring Book),Hikaru Kotz,Paperback,Harmo Press,yes,$9.99,4.8,1216,90,"May 23, 2025",1967727082
US,Humor: parodies,12,Disappointing Affirmations,Dave Tarnowski,Hardcover,Chronicle Books,no,$12.61,4.8,1102,96,"March 12, 2024",1797226665
US,Humor: parodies,13,Big Book of 1000 Funny Memes,Zach Anthony,Kindle Edition,,,$3.99,4.0,47,961,"June 11, 2026",B0H4X2HCDY
US,Humor: parodies,14,Awesome Book of 1000 Funny Memes,Zach Anthony,Kindle Edition,,,$3.99,4.5,14,978,"September 14, 2026",B0HJR4FQYF
US,Humor: parodies,15,Disappointing Affirmations 2027 Daily Calendar,Dave Tarnowski,Calendar,Chronicle Books,no,$16.77,4.5,26,316,"July 21, 2026",1797242229
US,Humor: parodies,16,"How to Live with a Huge Penis: Advice, Meditations, and Wisdom for Men Who Have Too Much",Richard Jacob,Paperback,,,$12.11,4.8,4356,,,1594743061
US,Humor: parodies,17,Effin' Birds 2027 Day-to-Day Calendar,Aaron Reynolds,Calendar,Andrews McMeel Publishing,no,$12.74,5.0,9,640,"June 23, 2026",B0GF98NDPK
US,Humor: parodies,18,The Big Book of 5660 Funny Memes: A Massive Collection of Internet Jokes and Laughs,Zach Anthony,Kindle Edition,,,$5.99,4.7,8,5538,"May 24, 2026",B0H2SBK3M7
US,Humor: parodies,19,"Dad And Me Setting Farts Free: A Funny Read Aloud Picture Book For Fathers And Their Kids, A Rhyming Story For Families (Fart Dictionaries and Toot Along Stories)",Jane Bexley,Paperback,,,$11.98,4.8,2816,39,,B093R55X48
US,Humor: parodies,20,Taking Mushrooms and Going to Walmart: The Trip Is Yours,B The Author,Paperback,,,$7.77,5.0,4,,,B0FV8PXP58
US,Humor: parodies,21,"The Worst-Case Scenario Survival Handbook: Expert Advice for Extreme Situations (Survival Handbook, Wilderness Survival Guide, Funny Books): Expert Advice for Extreme Situations",Joshua Piven,Hardcover,,,$11.70,4.7,2297,,,1452172188
US,Humor: parodies,22,Cunk on Everything: The Encyclopedia Philomena,Philomena Cunk,Kindle Edition,,,$1.99,4.6,1894,,,B0C3ZQG11C
US,Humor: parodies,23,The History of Concrete: A Hidden Internet Password Logbook so Boring Looking That Nobody Will Want to Open It. Great for Funny Gifts (Hidden Password Keeper),Hardly Classics,Paperback,,,$9.99,,,,,B0D13HLT7R
US,Humor: parodies,24,Huge Book of 1000 Funny Memes,Zach Anthony,Kindle Edition,,,$3.99,4.2,30,,,B0HG75HJNR
US,Humor: parodies,25,The Zombie Survival Guide: Complete Protection from the Living Dead,Max Brooks,Paperback,,,$9.21,4.6,6136,,,1400049628
US,Humor: parodies,26,Disappointing Affirmations Sticker Book: 100+ Stickers to Stick Wherever,Dave Tarnowski,Paperback,,,$12.07,4.7,177,,,1797235729
US,Humor: parodies,27,The Fu*k Them Theory: Reclaim Your Inner Peace By Saying Two Words: A Parody,Reid Mockery,Kindle Edition,,,$5.99,4.5,370,,,B0F9NHZ38N
US,Humor: parodies,28,At Wit's End,Erma Bombeck,Kindle Edition,,,$1.99,4.6,469,,,B004GB0NVU
US,Humor: parodies,29,Book of 1000 Funny Memes for Adults,Zach Anthony,Kindle Edition,,,$3.99,4.1,11,,,B0HHWXQM7X
US,Humor: parodies,30,Big Book of 1000 Funny Memes,Zach Anthony,Kindle Edition,,,$3.99,4.6,24,,,B0H6WH7L8S
US,Kids Christmas,1,Bluey: The Most Amazing Advent Calendar Book Bundle,Penguin Young Readers Licenses,Novelty Book,,,$12.67,4.8,196,,,0241769922
US,Kids Christmas,2,Paint by Sticker Kids (Official): Holly Jolly Christmas: Create 10 Pictures One Sticker at a Time! Includes Glitter Stickers,Workman Publishing,Paperback,,,$4.98,4.8,984,44,,1523518561
US,Kids Christmas,3,If You Give a Mouse a Cookie: A Silly Circular Story About a Mouse and a Craving for Cookies Late Into the Night,Laura Numeroff,Hardcover,,,$13.64,4.8,18201,,,0060245867
US,Kids Christmas,4,Cozy Countdown: An Advent Coloring Book Bundle,Coco Wyo,Novelty Book,,,$22.48,5.0,47,,,B0GZ2ZPDBQ
US,Kids Christmas,5,Little Golden Books Advent Calendar: Countdown to Christmas: With 24 Winter Holiday Books,Various,Novelty Book,,,$26.97,4.6,10,,,B0GJ9V42V9
US,Kids Christmas,6,The Giving Tree,Shel Silverstein,Hardcover,,,$10.58,4.8,37076,,,0060256656
US,Kids Christmas,7,The Story Orchestra: The Nutcracker: Press the note to hear Tchaikovsky's music (Volume 2),Katy Flint,Hardcover,,,$12.38,4.8,3183,24,,1786030683
US,Kids Christmas,8,The Bad Seed: A Funny Story About Change and Second Chances for Children (Ages 4–8) (The Food Group),Jory John,Hardcover,,,$8.60,4.6,23706,,,006246776X
US,Kids Christmas,9,"brainPLAY Super Hard Christmas Puzzles: 200+ Challenging Christmas Puzzles, Mazes, Logic Games and Wordplay. Holiday-Themed Activity Book Gift for Kids 7 and Up (brainPLAY Puzzle Books)",Highlights,Paperback,,,$5.05,4.6,21,,,1639623434
US,Kids Christmas,10,The Night Before Christmas Hardcover: The Classic Edition,Clement Moore,Hardcover,,,$8.66,4.9,13147,,,1604332379
US,Kids Christmas,11,Little Blue Truck's Christmas: A Christmas Holiday Book for Kids,Alice Schertle,Board book,,,$11.20,4.8,18748,,,0544320417
US,Kids Christmas,12,My First Paint by Sticker: Happy Christmas: (For Kids Ages 3-5),Workman Publishing,Paperback,,,$4.56,4.8,91,44,,152353205X
US,Kids Christmas,13,Sticker Dolly Dressing The Nutcracker: A Magical Interactive Sticker Adaptation of the Classic Wintertime Ballet,Fiona Watt,Paperback,,,$4.80,4.9,186,,,183605176X
US,Kids Christmas,14,If You Give a Pig a Pancake: A Story About Cause and Effect and Following One Thing After Another,Laura Numeroff,Hardcover,,,$8.24,4.8,3312,,,0060266864
US,Kids Christmas,15,The Smart Cookie: A Story About Self-Esteem and Feeling Smart (The Food Group),Jory John,Hardcover,,,$11.80,4.8,4580,,,0063045400
US,Kids Christmas,16,"Little House in the Big Woods (Little House, No 1)",Laura Ingalls Wilder,Paperback,,,$5.66,4.7,7069,,,0064400018
US,Kids Christmas,17,"The Wayside School 4-Book Box Set: Sideways Stories from Wayside School, Wayside School Is Falling Down, Wayside School Gets a Little Stranger, Wayside School Beneath the Cloud of Doom",Louis Sachar,Paperback,,,$25.57,4.8,1666,800,,0063092093
US,Kids Christmas,18,If You Give a Dog a Donut: A Silly Circular Story About a Dog’s Donut-Fueled Adventure Around the Neighborhood,Laura Numeroff,Hardcover,,,$9.59,4.8,3127,32,,006026683X
US,Kids Christmas,19,The Polar Express: A Caldecott Award Winner― Great for Holiday and Christmas Reading or Gifting,Chris Van Allsburg,Hardcover,,,$11.01,4.9,21027,,,0544580141
US,Kids Christmas,20,How the Grinch Stole Christmas! Full Color Edition (Classic Seuss),Dr. Seuss,Hardcover,,,$9.94,4.9,3528,64,,0593434382
US,Kids Christmas,21,The Jolly Christmas Postman,Allan Ahlberg,Hardcover,,,$8.96,4.9,6648,,,0316127159
US,Kids Christmas,22,Dear Girl: An Empowering Story About Confidence and Being Yourself for Children (Ages 4–8),Amy Krouse Rosenthal,Hardcover,,,$10.71,4.8,9500,,,0062422502
US,Kids Christmas,23,Little Sticker Dolly Dressing Snow Princess: An Interactive and Enchanting Sticker Adventure With Dress-Up Fun For Kids Exploring Winter Activities,Fiona Watt,Paperback,,,$4.93,4.8,81,,,1805078909
US,Kids Christmas,24,A Mouse Cookie First Library: A sturdy board book duo following one mischievous mouse and a boy through cookie chaos and a busy school day―perfect for ages 0-4 (If You Give...),Laura Numeroff,Hardcover,,,$9.71,4.9,1385,,,0061174793
US,Kids Christmas,25,Paint by Sticker Kids (Official): Christmas: Create 10 Pictures One Sticker at a Time! Includes Glitter Stickers,Workman Publishing,Paperback,,,$5.98,4.8,7659,,,152350675X
US,Kids Christmas,26,"The Velveteen Rabbit Hardcover: The Classic Edition by acclaimed illustrator, Charles Santore (Charles Santore Children's Classics)",Margery Williams Bianco,Hardcover,,,$9.05,4.9,2290,,,1604332778
US,Kids Christmas,27,"The Sour Grape: A Story About Grudges, Friendship, and Forgiveness (The Food Group)",Jory John,Hardcover,,,$10.49,4.8,2757,,,0063045419
US,Kids Christmas,28,Cozy Christmas: Coloring Book for Adults and Kids (Cozy Spaces Coloring),Coco Wyo,Paperback,,,$7.19,4.6,1979,,,B0DJ27336M
US,Kids Christmas,29,Llama Llama Jingle Bells,Anna Dewdney,Board book,,,$4.54,4.8,5026,,,0451469801
US,Kids Christmas,30,The Christmas Owl: Based on the True Story of a Little Owl Named Rockefeller,Gideon Sterer,Hardcover,,,$9.01,4.8,1897,,,031629912X
US,Kids coloring,1,Cozy Cuties: Coloring Book for Adults and Kids (Cozy Spaces Coloring),Coco Wyo,Paperback,Random House Books for Young Readers,no,$5.74,4.8,5519,96,"February 4, 2025",B0DQSHRG96
US,Kids coloring,2,Halloween Hidden Pictures Puzzles to Highlight: Halloween Kids Book with Over 300 Hidden Objects to Seek and Find in Spooky White-on-Black Puzzles with Neon Highlighter,Highlights,Paperback,Highlights Press,no,$5.04,4.6,2369,32,"July 31, 2018",168437202X
US,Kids coloring,3,Cozy Corner: Coloring Book for Adults and Kids (Cozy Spaces Coloring),Coco Wyo,Paperback,,,$5.27,4.8,2583,96,,B0DSDN3M6D
US,Kids coloring,4,Paint by Sticker Kids (Official): Dinosaurs: Create 10 Pictures One Sticker at a Time!,Workman Publishing,Paperback,,,$4.96,4.8,5092,,,1523511176
US,Kids coloring,5,Paint by Sticker Kids (Official): Rainbows Everywhere!: Create 10 Pictures One Sticker at a Time!,Workman Publishing,Paperback,,,$6.29,4.8,2142,,,1523517751
US,Kids coloring,6,Cozy Countdown: An Advent Coloring Book Bundle,Coco Wyo,Novelty Book,,,$22.48,5.0,48,,,B0GZ2ZPDBQ
US,Kids coloring,7,"Scissor Skills Preschool Activity Book: Learn to Cut Lines, Shapes, Fruits, Animals | Fun Cutting & Coloring Book for Kids | Preschool Learning Activities for 3-5 Year Olds",Lucas & Friends by RV AppStudios,Paperback,,,$3.99,4.8,4763,,,B0BMSZSBKL
US,Kids coloring,8,Paint by Sticker Kids (Official): Unicorns & Magic: Create 10 Pictures One Sticker at a Time! Includes Glitter Stickers,Workman Publishing,Paperback,,,$5.52,4.8,20168,,,0761193642
US,Kids coloring,9,Big Book of Colouring: Animals: For Children Ages 4+ (Big Books of Colouring (Ages 4+)),FairyWren Publishing,Paperback,,,$7.99,4.8,1947,,,191545428X
US,Kids coloring,10,Paint by Sticker Kids (Official): Pets: Create 10 Pictures One Sticker at a Time!,Workman Publishing,Paperback,,,$5.73,4.8,1381,,,1523519363
US,Kids coloring,11,Paint by Sticker Kids (Official): Mermaids & Magic!: Create 10 Pictures One Sticker at a Time! Includes Glitter Stickers,Workman Publishing,Paperback,,,$4.70,4.8,2740,44,,1523510439
US,Kids coloring,12,Bluey: Little Library 4-Book Box Set,Penguin Young Readers Licenses,Board book,,,$7.05,4.6,7691,,,0593752252
US,Kids coloring,13,Halloween Dot Marker Coloring Book for Toddlers & Preschool Kids Ages 1-3: Cute Boo Basket Stuffers & Gifts -A Fun Spooky & Cozy Activity Book for Little Hands,Made Easy Press,Paperback,,,$6.99,4.8,48,,,B0HJRKMMVW
US,Kids coloring,14,"School Zone Big Preschool Workbook: 320 Spiral-Bound Pages, Pre-K, Colors, Shapes, Numbers, Early Math, Alphabet, Pre-Writing, Phonics, Following Directions, Ages 3-5",School Zone,,,,$14.16,4.8,73701,,,1681473992
US,Kids coloring,15,Bluey: Big Backyard: A Coloring Book,Penguin Young Readers Licenses,Paperback,,,$4.33,4.8,7902,,,0593224582
US,Kids coloring,16,"Bluey: Hooray, It's Halloween!: A Coloring Book",Penguin Young Readers Licenses,Paperback,,,$4.78,4.7,417,32,,0593752554
US,Kids coloring,17,Happy Birthday from The Very Hungry Caterpillar (The World of Eric Carle),Eric Carle,Hardcover,,,$6.38,4.8,5324,32,,1524790826
US,Kids coloring,18,"Construction Site Preschool Activity Book: Fun Learning with Trucks, Tools, and Mighty Machines",Liv Wan,Paperback,,,$7.67,4.9,346,,,0593885856
US,Kids coloring,19,For the Fans! (KPop Demon Hunters): Official Storybook (Little Golden Book),Angela Song,Hardcover,,,$5.00,4.8,1988,,,B0FYFMRBJB
US,Kids coloring,20,KPop Demon Hunters 40-Page Official Coloring Book | Action-Packed Coloring Book by Bendon,Bendon,Paperback,,,$5.99,4.7,777,,,1690294108
US,Kids coloring,21,Spooky Cutie: Coloring Book for Adults and Kids (Cozy Spaces Coloring),Coco Wyo,Paperback,,,$6.78,4.8,36,,,B0GS4GK4WX
US,Kids coloring,22,Cozy Days: Coloring Book for Adults and Kids (Cozy Spaces Coloring),Coco Wyo,Paperback,,,$7.98,4.8,1451,,,B0FLNTV2NG
US,Kids coloring,23,Sticker Dolly Dressing The Nutcracker: A Magical Interactive Sticker Adaptation of the Classic Wintertime Ballet,Fiona Watt,Paperback,,,$4.80,4.9,186,,,183605176X
US,Kids coloring,24,"Toddler's Head Start Educational Coloring Book Ages 1-3: Over 100 Pages | Learn Colors, Words, ABCs, Numbers, Foods, Objects, Cute Animals",Color Fluff,Paperback,,,$9.99,4.8,659,,,B0DCZN17W9
US,Kids coloring,25,Brain Games - Sticker by Number: Under the Sea - 2 Books in 1 (42 Images to Sticker),Publications International Ltd.,,,,$7.39,4.7,1545,,,1645580377
US,Kids coloring,26,The Scarecrow: A Heartwarming Picture Book for Autumn and Halloween About Unexpected Friendship,Beth Ferry,Hardcover,,,$19.99,4.9,1896,,,0062475762
US,Kids coloring,27,Wishy Washy (Water Reveal Edition): A Reusable Water Reveal Activity Book Teaching First Words and Colors (Tabitha Paige Children's Book Series),Tabitha Paige MS CCC-SLP,,,,$12.99,4.8,339,,,196318355X
US,Kids coloring,28,Brain Games - Sticker by Letter: In the Wild (Sticker Puzzles - Kids Activity Book),Publications International Ltd.,,,,$6.81,4.8,5968,,,1640307419
US,Kids coloring,29,Don't Let The Pigeon Color This Book!: A Superfun Mo Willems and You Coloring Book!,Mo Willems Workshop,Paperback,,,$5.98,4.9,503,,,1454959924
US,Kids coloring,30,Paint by Sticker Kids (Official): Trucks Trains & More: Create 10 Pictures One Sticker at a Time!,Workman Publishing,Paperback,,,$6.61,4.9,118,,,152352913X
